Workbook

Sheet ENTREGABLES
B2: objetivo: | C2: lograr la implementación de todo el programa en 8 meses
B3: quien va a ganar: | C3: menor costo
B5: 1 | C5: Tablero donde se vea el plan de trabajo general inicio - fin del programa
B6: 2 | C6: tablero donde se vea el plan de trabajo por site
B7: 3 | C7: tabla de uso de recursos por sitio y general para el programa. Quiero poder modificar esa tabla
B8: 4 | C8: poder guardar el escenario
B9: 5 | C9: que me de un resumen de costos para el programa (por escenario), costo por site, por tipo de recurso
B11: rubrica de calificación | H11: Maxima | I11: Ejemplo
H12: =+H13+H14 -> 1 | I12: =+I13+I14 -> 0.84375
C13: 8 meses + menor costo | H13: 0.5 | I13: 0.5
C14: Rúbrica | H14: 0.5 | I14: =+I22 -> 0.34375
H15: Maxima | I15: Ejemplo
C16: Dashboard principal | H16: 4 | I16: 2
C17: Guardar y comparar escenarios | H17: 4 | I17: 3
C18: Explicacion y entendimiento de cada pestaña del excel | H18: 4 | I18: 3
C19: Calidad de la información. Correcta, bien etiquetada, sin basura ni errores. | H19: 2 | I19: 1
C20: Visual / UI. Limpio, con jerarquía y legible. | H20: 2 | I20: 2
H21: =+SUM(H16:H20) -> 16 | I21: =+SUM(I16:I20) -> 11
H22: 0.5 | I22: =+I21/H21*H22 -> 0.34375

Sheet Sites Master
A1: Country | B1: Brewery | C1: Cluster | D1: Capacity (Mio HL) | E1: Production (Mio HL) | F1: Distribution Volume (K HL) | G1: Line Capacity | H1: Production Lines | I1: # Warehouses | J1: Warehouse Area | K1: Occupation LV | L1: Aisles Identification | M1: Box Identification | N1: Control Tower | O1: T2/MKP/KA | P1: Forklifts in Logistics | Q1: HC Forklifts | R1: WIFI State | S1: Tablets | T1: Counting Devices
A2: Mexico | B2: Site 01 | C2: 2 | D2: 3.72 | E2: 1.43 | F2: 6400 | G2: 0.3844086 | H2: 3 | I2: 1 | J2: 9100 | K2: 0.815 | L2: 0.89 | M2: Yes | N2: No | O2: No | P2: 18 | Q2: 38 | R2: 0.85 | S2: 15 | T2: 5
A3: Mexico | B3: Site 02 | C3: 2 | D3: 6.46 | E3: 4.77 | F3: 11160 | G3: 0.73839009 | H3: 6 | I3: 2 | J3: 15572 | K3: 0.94 | L3: 0 | M3: No | N3: No | O3: No | P3: 30 | Q3: 90 | R3: 0 | S3: 29 | T3: 6
A4: Mexico | B4: Site 03 | C4: 2 | D4: 6.46 | E4: 4.77 | F4: 11160 | G4: 0.73839009 | H4: 6 | I4: 2 | J4: 15572 | K4: 0.94 | L4: 0 | M4: No | N4: No | O4: No | P4: 30 | Q4: 90 | R4: 0 | S4: 29 | T4: 6
A5: Mexico | B5: Site 04 | C5: 2 | D5: 6.59 | E5: 4.58 | F5: 11520 | G5: 0.69499241 | H5: 5 | I5: 2 | J5: 17742 | K5: 0.78 | L5: 0 | M5: No | N5: Yes | O5: No | P5: 37 | Q5: 80 | R5: 0 | S5: 15 | T5: 4
A6: Mexico | B6: Site 05 | C6: 3 | D6: 2.75 | E6: 2.12 | F6: 6848 | G6: 0.77090909 | H6: 2 | I6: 3 | J6: 5239 | K6: 0.855 | L6: 0.9 | M6: Yes | N6: No | O6: Yes | P6: 14 | Q6: 42 | R6: 0 | S6: 14 | T6: 4
A7: Mexico | B7: Site 06 | C7: 1 | D7: 13.2 | E7: 12.19 | F7: 29946 | G7: 0.92348485 | H7: 9 | I7: 2 | J7: 36333 | K7: 1 | L7: 0.93 | M7: Yes | N7: Yes | O7: Yes | P7: 76 | Q7: 213 | R7: 0 | S7: 85 | T7: 8
A8: Mexico | B8: Site 07 | C8: 2 | D8: 4.77 | E8: 3.82 | F8: 9900 | G8: 0.80083857 | H8: 4 | I8: 1 | J8: 14897 | K8: 1.05 | L8: 0 | M8: No | N8: No | O8: Yes | P8: 32 | Q8: 75 | R8: 0 | S8: 32 | T8: 6
A9: Colombia | B9: Site 08 | C9: 1 | D9: 14.262348 | E9: 14.221547 | F9: 11189 | G9: 0.9971393 | H9: 3 | I9: 1 | J9: 28576 | K9: 1.04 | L9: 1 | M9: Yes | N9: Yes | O9: Yes | P9: 32 | Q9: 117 | R9: 1 | S9: 40 | T9: 5
A10: Colombia | B10: Site 09 | C10: 2 | D10: 7.9588732 | E10: 3.0928813 | F10: 1822.3038 | G10: 0.38860794 | H10: 4 | I10: 1 | J10: 14097 | K10: 0.88 | L10: 0.5 | M10: Yes | N10: Yes | O10: Yes | P10: 10 | Q10: 32 | R10: 0.7 | S10: 20 | T10: 4
A11: Colombia | B11: Site 10 | C11: 1 | D11: 13.689521 | E11: 10.316546 | F11: 11164.56 | G11: 0.75360897 | H11: 10 | I11: 4 | J11: 13978 | K11: 0.96 | L11: 0.8 | M11: No | N11: Yes | O11: Yes | P11: 62 | Q11: 169 | R11: 0.5 | S11: 55 | T11: 7
A12: Colombia | B12: Site 11 | C12: 3 | D12: 3.9803505 | E12: 3.4122615 | F12: 2911.3283 | G12: 0.85727664 | H12: 4 | I12: 3 | J12: 4684 | K12: 0.84 | L12: 0.8 | M12: No | N12: No | O12: No | P12: 17 | Q12: 42 | R12: 0.6 | S12: 16 | T12: 3
A13: Colombia | B13: Site 12 | C13: 4 | D13: 2.1681612 | E13: 0.72307515 | F13: 699.07032 | G13: 0.33349695 | H13: 2 | I13: 1 | J13: 3797 | K13: 0.8 | L13: 0.8 | M13: No | N13: No | O13: No | P13: 4 | Q13: 15 | R13: 0.7 | S13: 5 | T13: 3
... A16: Colombia | B16: Site 15 | C16: 2 | D16: 5.0027996 | E16: 4.5090292 | F16: 4946.467 | G16: 0.90130118 | H16: 5 | I16: 3 | J16: 9601 | K16: 1.05 | L16: 0.6 | M16: No | N16: Yes | O16: No | P16: 19 | Q16: 54 | R16: 0.7 | S16: 18 | T16: 4

Sheet Financials (USD)
A1: Country | B1: Brewery | C1: Benefits per month | D1: Implementation Costs | E1: Devices | F1: Forklift Structure | G1: Warehouse Signage | H1: Labels | I1: Costs without Labelers & WiFi | J1: Label Printers / Labelers | K1: Manual Labeling | L1: WiFi Full | M1: WiFi Full Optimized | N1: WiFi Prioritized
A2: Mexico | B2: Site 01 | C2: 18511 | D2: 15000 | E2: 0 | F2: 6668.7957 | G2: 11370.371 | H2: 14425.153 | I2: =SUM(D2:H2) -> 47464.32 | J2: 7144.76 | K2: 0 | L2: 44451 | M2: 43451 | N2: 0
A3: Mexico | B3: Site 02 | C3: 26878 | D3: 15000 | E3: 70212.869 | F3: 9262.2162 | G3: 27796.938 | H3: 21152.792 | I3: =SUM(D3:H3) -> 143424.82 | J3: 81930.072 | K3: 142702.7 | L3: 287249 | M3: 220687 | N3: 110343.5
A4: Mexico | B4: Site 03 | C4: 61087 | D4: 25000 | E4: 84255.443 | F4: 11114.659 | G4: 23591.833 | H4: 18886.421 | I4: =SUM(D4:H4) -> 162848.36 | J4: 212307.9 | K4: 259459.46 | L4: 378909 | M4: 157740 | N4: 112671.43
A5: Mexico | B5: Site 04 | C5: 70898 | D5: 25000 | E5: 103915.05 | F5: 13708.08 | G5: 44202.766 | H5: 19286.813 | I5: =SUM(D5:H5) -> 206112.71 | J5: 184000.18 | K5: 220540.54 | L5: 411279 | M5: 368914 | N5: 230571.25
A6: Mexico | B6: Site 05 | C6: 14809 | D6: 15000 | E6: 0 | F6: 5927.8184 | G6: 10505.161 | H6: 11709.581 | I6: =SUM(D6:H6) -> 43142.561 | J6: 73600.072 | K6: 103783.78 | L6: 219880 | M6: 206497 | N6: 77436.375
A7: Mexico | B7: Site 06 | C7: 76636 | D7: 35000 | E7: 213447.12 | F7: 28157.137 | G7: 43677.876 | H7: 49482.424 | I7: =SUM(D7:H7) -> 369764.56 | J7: 302730.29 | K7: 376216.22 | L7: 523835 | M7: 297466 | N7: 220345.19
A8: Mexico | B8: Site 07 | C8: 30543 | D8: 25000 | E8: 98298.017 | F8: 12967.103 | G8: 39945.634 | H8: 13220.495 | I8: =SUM(D8:H8) -> 189431.25 | J8: 147200.14 | K8: 181621.62 | L8: 277152 | M8: 123137 | N8: 94720.769
A9: Colombia | B9: Site 08 | C9: 70420 | D9: 50000 | E9: 0 | F9: =9600*0 -> 0 | G9: =27945*0 -> 0 | H9: =34200*0 -> 0 | I9: =SUM(D9:H9) -> 50000 | J9: 0 | K9: 0 | L9: 0 | M9: 0 | N9: 0
A10: Colombia | B10: Site 09 | C10: 15920 | D10: 15000 | E10: 0 | F10: 3600 | G10: 12547 | H10: 3600 | I10: =SUM(D10:H10) -> 34747 | J10: 0 | K10: 0 | L10: 133781 | M10: 115803 | N10: 100862
A11: Colombia | B11: Site 10 | C11: 90320 | D11: 25000 | E11: 0 | F11: 15600 | G11: 57883 | H11: 8100 | I11: =SUM(D11:H11) -> 106583 | J11: 308459.68 | K11: 0 | L11: 487872 | M11: 364795 | N11: 154945.83
A12: Colombia | B12: Site 11 | C12: 24480 | D12: 15000 | E12: 0 | F12: 5560 | G12: 15273 | H12: 4500 | I12: =SUM(D12:H12) -> 40333 | J12: 176263 | K12: 0 | L12: 180753 | M12: 185549 | N12: 94573.812
A13: Colombia | B13: Site 12 | C13: 10180 | D13: 5000 | E13: 0 | F13: 1440 | G13: 3746 | H13: 1800 | I13: =SUM(D13:H13) -> 11986 | J13: 88131 | K13: 0 | L13: 116598 | M13: 73392 | N13: 43642.316
A14: Colombia | B14: Site 13 | C14: 109140 | D14: 50000 | E14: 369489 | F14: 44000 | G14: 73532 | H14: 20700 | I14: =SUM(D14:H14) -> 557721 | J14: 1189773 | K14: 0 | L14: 333663 | M14: 267903 | N14: 136549.42
A15: Colombia | B15: Site 14 | C15: 56820 | D15: 35000 | E15: 0 | F15: 18560 | G15: 58580 | H15: 9000 | I15: =SUM(D15:H15) -> 121140 | J15: 925379 | K15: 0 | L15: 319639 | M15: 286043 | N15: 121496.1
A16: Colombia | B16: Site 15 | C16: 27560 | D16: 15000 | E16: 0 | F16: 5320 | G16: 20351 | H16: 3600 | I16: =SUM(D16:H16) -> 44271 | J16: 88131 | K16: 0 | L16: 139767 | M16: 134417 | N16: 79930.635

Sheet Resource Master
A1: Role | B1: Work Mode | C1: Can Multitask | D1: Internal or External | E1: Fixed or Flexible Cost | F1: Average Monthly Cost (MXN) | G1: Actual | H1: Escenario 1
A2: Solution Architect | B2: Remote | C2: Yes | D2: Internal | E2: Fixed | F2: 36000 | G2: 1 | H2: 5 | N2: Go Live | O2: Post
A3: Warehouse Manager Org A | B3: Hybrid | C3: Yes | D3: Internal | E3: Fixed | F3: 35000 | G3: 1 | H3: 5
A4: Project Manager Country B | B4: Hybrid | C4: Partial | D4: Internal | E4: Fixed | F4: 25000 | G4: 1 | H4: 5
A5: Project Manager Country A | B5: Hybrid | C5: Partial | D5: Internal | E5: Fixed | F5: 25000 | G5: 1 | H5: 5
A6: Change Management Lead | B6: Onsite | C6: No | D6: Internal | E6: Fixed | F6: 16000 | G6: 1 | H6: 5
A7: Change Management Lead | B7: Onsite | C7: No | D7: External | E7: Fixed | F7: 16000 | G7: 1 | H7: 5
A8: Infrastructure Lead | B8: Onsite | C8: No | D8: Internal | E8: Fixed | F8: 42000 | G8: 1 | H8: 5
A9: Infrastructure Lead | B9: Onsite | C9: No | D9: External | E9: Flexible | F9: 43000 | G9: 1 | H9: 5
A10: Functional Lead | B10: Onsite | C10: No | D10: Internal | E10: Fixed | F10: 35000 | G10: 1 | H10: 5
A11: Functional Lead | B11: Onsite | C11: No | D11: External | E11: Flexible | F11: 35000 | G11: 1 | H11: 5
A12: SAP Integrations Lead | B12: Remote | C12: Yes | D12: Internal | E12: Fixed | F12: 62000 | G12: 1 | H12: 5
A13: SAP Integrations Specialist | B13: Remote | C13: Yes | D13: Internal | E13: Flexible | F13: 55000 | G13: 1 | H13: 5
A14: Azure Lead | B14: Remote | C14: Yes | D14: Internal | E14: Fixed | F14: 48000 | G14: 1 | H14: 5
... A19: Support Lead | B19: Remote | C19: Yes | D19: External | E19: Flexible | F19: 22000 | G19: 2 | H19: 5

Sheet Implementation Phases
A1: Cluster | B1: Phase | C1: Sequence | D1: Deployment Maturity | E1: Duration in Weeks
A2: 1 | B2: Site Readiness | C2: 1 | D2: A | E2: 5
A3: 1 | B3: Design Adaptation | C3: 2 | D3: A | E3: 2
A4: 1 | B4: Functional Review | C4: 3 | D4: A | E4: 1
A5: 1 | B5: UAT | C5: 4 | D5: A | E5: 2
A6: 1 | B6: Training | C6: 5 | D6: A | E6: 3
A7: 1 | B7: DIALT | C7: 6 | D7: A | E7: 1
A8: 1 | B8: Go Live | C8: 7 | D8: A | E8: 1
A9: 1 | B9: Hypercare | C9: 8 | D9: A | E9: 4
A10: 2 | B10: Site Readiness | C10: 1 | D10: A | E10: 4
A11: 2 | B11: Design Adaptation | C11: 2 | D11: A | E11: 1
A12: 2 | B12: Functional Review | C12: 3 | D12: A | E12: 1
A13: 2 | B13: UAT | C13: 4 | D13: A | E13: 2
... A65: 4 | B65: Hypercare | C65: 8 | D65: B | E65: 3

Sheet Phase-Resource Allocation
A1: Cluster | B1: Phase | C1: Role | D1: Capacity Consumption
A2: 1 | B2: Site Readiness | C2: Infrastructure Lead | D2: 1
A3: 1 | B3: Site Readiness | C3: SAP Integrations Lead | D3: 0.5
A4: 1 | B4: Design Adaptation | C4: Solution Architect | D4: 1
A5: 1 | B5: Design Adaptation | C5: SAP Integrations Lead | D5: 0.5
A6: 1 | B6: Design Adaptation | C6: SAP Integrations Specialist | D6: 0.5
A7: 1 | B7: Design Adaptation | C7: Azure Lead | D7: 0.5
A8: 1 | B8: Design Adaptation | C8: Azure Specialist | D8: 0.5
A9: 1 | B9: Design Adaptation | C9: Testing Lead | D9: 1
A10: 1 | B10: Design Adaptation | C10: Functional Lead | D10: 1
A11: 1 | B11: Design Adaptation | C11: Trainers | D11: 1
A12: 1 | B12: Design Adaptation | C12: Infrastructure Lead | D12: 1
A13: 1 | B13: Design Adaptation | C13: Functional Lead Vendor A | D13: 1
... A187: 3 | B187: Hypercare | C187: Functional Lead Vendor A | D187: 0.5

Sheet 00_README
B2: SIMULADOR WMS - GUIA DEL ARCHIVO
B4: QUE ES ESTE ARCHIVO
B5: Simulador de escenarios para la implementacion de un programa WMS en 15 sites (7 en Mexico, 8 en Colombia). Construido sobre las pestanas originales del archivo (ENTREGABLES, Sites Master, Financials (USD), Resource Master, Implementation Phases, Phase-Resource Allocation), que no fueron alteradas.
B6: Todo el simulador es 100% formulas: no hay valores fijos que representen resultados. Cambiar cualquier input en 01_INPUTS recalcula en cadena el cronograma (02_SCHEDULE), los recursos (03_RESOURCES), los costos (04_COSTS), el tablero (05_DASHBOARD), la vista por site (06_SITE_VIEW) y la comparacion de escenarios (07_SCENARIOS).
B8: RELACION ENTRE LAS PESTANAS ORIGINALES
B9: Sites Master.Cluster + 01_INPUTS.Deployment Maturity -> Implementation Phases (Cluster, Phase, Deployment Maturity) -> Duration in Weeks por fase.
B10: Sites Master.Cluster -> Phase-Resource Allocation (Cluster, Phase) -> Role + Capacity Consumption (recursos requeridos por fase).
B11: Phase-Resource Allocation.Role -> Resource Master.Role (sumando las variantes Interno/Externo del mismo rol) -> Average Monthly Cost (MXN) y headcount disponible (Actual / Escenario 1).
B12: Sites Master.Brewery (nombre del site) -> Financials (USD).Brewery -> Benefits per month, Implementation Costs, Devices, Forklift Structure, Warehouse Signage, Labels (suman 'Costs without Labelers & WiFi'), mas las opciones alternativas de etiquetado (Label Printers/Labelers o Manual Labeling) y de WiFi (Full, Full Optimized, Prioritized) que se eligen en 01_INPUTS.
B13: ENTREGABLES define el objetivo (8 meses) y el criterio de exito (menor costo entre los que cumplen); ambos estan parametrizados en 01_INPUTS y en la regla de recomendacion de 07_SCENARIOS.
B15: FLUJO DE USO
B16: 1) Ajuste los parametros en 01_INPUTS (nombre del escenario, fecha de inicio, Deployment Maturity, sites en paralelo, fuente de recursos, metodo de etiquetado, estrategia de WiFi, prioridad de sites, recursos disponibles por rol).
... B39: 07_SCENARIOS: tabla comparativa de escenarios y la recomendacion (cumple 8 meses + menor costo).

Sheet 01_INPUTS
AA1: ZONA DE CALCULO INTERNO (listas de validacion) - no editar manualmente
B2: SIMULADOR WMS - 01_INPUTS (parametros editables del escenario) | AA2: Deployment Maturity | AB2: Roles unicos | AC2: Fuente recursos | AD2: Metodo etiquetado | AE2: Estrategia WiFi
B3: Las celdas en AZUL son editables. Cambiar cualquiera de estos valores recalcula todo el simulador (Schedule, Resources, Costs, Dashboard, Scenarios). | AA3: ='Implementation Phases'!$D$2 -> A | AB3: ='Resource Master'!$A$2 -> Solution Architect | AC3: ='Resource Master'!$G$1 -> Actual | AD3: ='Financials (USD)'!$J$1 -> Label Printers / Labelers | AE3: ='Financials (USD)'!$L$1 -> WiFi Full
AA4: {=IFERROR(INDEX('Implementation Phases'!$D$2:$D$65,MATCH(0,COUNTIF($AA$3:AA3,'Implementation Phases'!$D$2:$D$65),0)),"")} -> B | AB4: {=IFERROR(INDEX('Resource Master'!$A$2:$A$19,MATCH(0,COUNTIF($AB$3:AB3,'Resource Master'!$A$2:$A$19),0)),"")} -> Warehouse Manager Org A | AC4: ='Resource Master'!$H$1 -> Escenario 1 | AD4: ='Financials (USD)'!$K$1 -> Manual Labeling | AE4: ='Financials (USD)'!$M$1 -> WiFi Full Optimized
B5: PARAMETROS GENERALES DEL ESCENARIO | AB5: {=IFERROR(INDEX('Resource Master'!$A$2:$A$19,MATCH(0,COUNTIF($AB$3:AB4,'Resource Master'!$A$2:$A$19),0)),"")} -> Project Manager Country B | AE5: ='Financials (USD)'!$N$1 -> WiFi Prioritized
B6: Nombre del escenario | C6: ="Escenario Base" -> Escenario Base | AB6: {=IFERROR(INDEX('Resource Master'!$A$2:$A$19,MATCH(0,COUNTIF($AB$3:AB5,'Resource Master'!$A$2:$A$19),0)),"")} -> Project Manager Country A
B7: Fecha de inicio del programa | C7: =DATE(2026,8,17) -> 46251 | AB7: {=IFERROR(INDEX('Resource Master'!$A$2:$A$19,MATCH(0,COUNTIF($AB$3:AB6,'Resource Master'!$A$2:$A$19),0)),"")} -> Change Management Lead
B8: Deployment Maturity (A o B, fuente: Implementation Phases) | C8: ="A" -> A | AB8: {=IFERROR(INDEX('Resource Master'!$A$2:$A$19,MATCH(0,COUNTIF($AB$3:AB7,'Resource Master'!$A$2:$A$19),0)),"")} -> Infrastructure Lead
B9: Max. Sites en paralelo (palanca de paralelismo) | C9: =3 -> 3 | AB9: {=IFERROR(INDEX('Resource Master'!$A$2:$A$19,MATCH(0,COUNTIF($AB$3:AB8,'Resource Master'!$A$2:$A$19),0)),"")} -> Functional Lead
B10: Fuente de recursos disponibles (Resource Master) | C10: ="Actual" -> Actual | AB10: {=IFERROR(INDEX('Resource Master'!$A$2:$A$19,MATCH(0,COUNTIF($AB$3:AB9,'Resource Master'!$A$2:$A$19),0)),"")} -> SAP Integrations Lead
B11: Metodo de etiquetado (fuente: Financials (USD)) | C11: ="Label Printers / Labelers" -> Label Printers / Labelers | AB11: {=IFERROR(INDEX('Resource Master'!$A$2:$A$19,MATCH(0,COUNTIF($AB$3:AB10,'Resource Master'!$A$2:$A$19),0)),"")} -> SAP Integrations Specialist
B12: Estrategia de WiFi (fuente: Financials (USD)) | C12: ="WiFi Full" -> WiFi Full | AB12: {=IFERROR(INDEX('Resource Master'!$A$2:$A$19,MATCH(0,COUNTIF($AB$3:AB11,'Resource Master'!$A$2:$A$19),0)),"")} -> Azure Lead
B13: Objetivo de duracion del programa (meses, fuente: ENTREGABLES) | C13: =8 -> 8 | AB13: {=IFERROR(INDEX('Resource Master'!$A$2:$A$19,MATCH(0,COUNTIF($AB$3:AB12,'Resource Master'!$A$2:$A$19),0)),"")} -> Azure Specialist
AB14: {=IFERROR(INDEX('Resource Master'!$A$2:$A$19,MATCH(0,COUNTIF($AB$3:AB13,'Resource Master'!$A$2:$A$19),0)),"")} -> Testing Lead
B15: RECURSOS DISPONIBLES POR ROL (fuente: Resource Master) | AB15: {=IFERROR(INDEX('Resource Master'!$A$2:$A$19,MATCH(0,COUNTIF($AB$3:AB14,'Resource Master'!$A$2:$A$19),0)),"")} -> Trainers
B16: Rol | C16: Disponible (fuente seleccionada) | D16: Ajuste manual (opcional) | E16: Disponible usado en el simulador | AB16: {=IFERROR(INDEX('Resource Master'!$A$2:$A$19,MATCH(0,COUNTIF($AB$3:AB15,'Resource Master'!$A$2:$A$19),0)),"")} -> Functional Lead Vendor A
B17: ='01_INPUTS'!$AB$3 -> Solution Architect | C17: =SUMIF('Resource Master'!$A$2:$A$19,B17,INDEX('Resource Master'!$G$2:$H$19,0,MATCH($C$10,'Resource Master'!$G$1:$H$1,0))) -> 1 | E17: =IF(D17="",C17,D17) -> 1 | AB17: {=IFERROR(INDEX('Resource Master'!$A$2:$A$19,MATCH(0,COUNTIF($AB$3:AB16,'Resource Master'!$A$2:$A$19),0)),"")} -> Support Lead
B18: ='01_INPUTS'!$AB$4 -> Warehouse Manager Org A | C18: =SUMIF('Resource Master'!$A$2:$A$19,B18,INDEX('Resource Master'!$G$2:$H$19,0,MATCH($C$10,'Resource Master'!$G$1:$H$1,0))) -> 1 | E18: =IF(D18="",C18,D18) -> 1
B19: ='01_INPUTS'!$AB$5 -> Project Manager Country B | C19: =SUMIF('Resource Master'!$A$2:$A$19,B19,INDEX('Resource Master'!$G$2:$H$19,0,MATCH($C$10,'Resource Master'!$G$1:$H$1,0))) -> 1 | E19: =IF(D19="",C19,D19) -> 1
B20: ='01_INPUTS'!$AB$6 -> Project Manager Country A | C20: =SUMIF('Resource Master'!$A$2:$A$19,B20,INDEX('Resource Master'!$G$2:$H$19,0,MATCH($C$10,'Resource Master'!$G$1:$H$1,0))) -> 1 | E20: =IF(D20="",C20,D20) -> 1
B21: ='01_INPUTS'!$AB$7 -> Change Management Lead | C21: =SUMIF('Resource Master'!$A$2:$A$19,B21,INDEX('Resource Master'!$G$2:$H$19,0,MATCH($C$10,'Resource Master'!$G$1:$H$1,0))) -> 2 | E21: =IF(D21="",C21,D21) -> 2
B22: ='01_INPUTS'!$AB$8 -> Infrastructure Lead | C22: =SUMIF('Resource Master'!$A$2:$A$19,B22,INDEX('Resource Master'!$G$2:$H$19,0,MATCH($C$10,'Resource Master'!$G$1:$H$1,0))) -> 2 | E22: =IF(D22="",C22,D22) -> 2
B23: ='01_INPUTS'!$AB$9 -> Functional Lead | C23: =SUMIF('Resource Master'!$A$2:$A$19,B23,INDEX('Resource Master'!$G$2:$H$19,0,MATCH($C$10,'Resource Master'!$G$1:$H$1,0))) -> 2 | E23: =IF(D23="",C23,D23) -> 2
B24: ='01_INPUTS'!$AB$10 -> SAP Integrations Lead | C24: =SUMIF('Resource Master'!$A$2:$A$19,B24,INDEX('Resource Master'!$G$2:$H$19,0,MATCH($C$10,'Resource Master'!$G$1:$H$1,0))) -> 1 | E24: =IF(D24="",C24,D24) -> 1
B25: ='01_INPUTS'!$AB$11 -> SAP Integrations Specialist | C25: =SUMIF('Resource Master'!$A$2:$A$19,B25,INDEX('Resource Master'!$G$2:$H$19,0,MATCH($C$10,'Resource Master'!$G$1:$H$1,0))) -> 1 | E25: =IF(D25="",C25,D25) -> 1
B26: ='01_INPUTS'!$AB$12 -> Azure Lead | C26: =SUMIF('Resource Master'!$A$2:$A$19,B26,INDEX('Resource Master'!$G$2:$H$19,0,MATCH($C$10,'Resource Master'!$G$1:$H$1,0))) -> 1 | E26: =IF(D26="",C26,D26) -> 1
B27: ='01_INPUTS'!$AB$13 -> Azure Specialist | C27: =SUMIF('Resource Master'!$A$2:$A$19,B27,INDEX('Resource Master'!$G$2:$H$19,0,MATCH($C$10,'Resource Master'!$G$1:$H$1,0))) -> 1 | E27: =IF(D27="",C27,D27) -> 1
B28: ='01_INPUTS'!$AB$14 -> Testing Lead | C28: =SUMIF('Resource Master'!$A$2:$A$19,B28,INDEX('Resource Master'!$G$2:$H$19,0,MATCH($C$10,'Resource Master'!$G$1:$H$1,0))) -> 1 | E28: =IF(D28="",C28,D28) -> 1
B29: ='01_INPUTS'!$AB$15 -> Trainers | C29: =SUMIF('Resource Master'!$A$2:$A$19,B29,INDEX('Resource Master'!$G$2:$H$19,0,MATCH($C$10,'Resource Master'!$G$1:$H$1,0))) -> 1 | E29: =IF(D29="",C29,D29) -> 1
B30: ='01_INPUTS'!$AB$16 -> Functional Lead Vendor A | C30: =SUMIF('Resource Master'!$A$2:$A$19,B30,INDEX('Resource Master'!$G$2:$H$19,0,MATCH($C$10,'Resource Master'!$G$1:$H$1,0))) -> 2 | E30: =IF(D30="",C30,D30) -> 2
B31: ='01_INPUTS'!$AB$17 -> Support Lead | C31: =SUMIF('Resource Master'!$A$2:$A$19,B31,INDEX('Resource Master'!$G$2:$H$19,0,MATCH($C$10,'Resource Master'!$G$1:$H$1,0))) -> 2 | E31: =IF(D31="",C31,D31) -> 2
B33: SECUENCIA / PRIORIDAD DE SITES (fuente: Sites Master)
B34: Site | C34: Pais | D34: Cluster | E34: Prioridad (1=primero, editable)
B35: ='Sites Master'!$B$2 -> Site 01 | C35: ='Sites Master'!$A$2 -> Mexico | D35: ='Sites Master'!$C$2 -> 2 | E35: =1 -> 1
B36: ='Sites Master'!$B$3 -> Site 02 | C36: ='Sites Master'!$A$3 -> Mexico | D36: ='Sites Master'!$C$3 -> 2 | E36: =2 -> 2
B37: ='Sites Master'!$B$4 -> Site 03 | C37: ='Sites Master'!$A$4 -> Mexico | D37: ='Sites Master'!$C$4 -> 2 | E37: =3 -> 3
B38: ='Sites Master'!$B$5 -> Site 04 | C38: ='Sites Master'!$A$5 -> Mexico | D38: ='Sites Master'!$C$5 -> 2 | E38: =4 -> 4
B39: ='Sites Master'!$B$6 -> Site 05 | C39: ='Sites Master'!$A$6 -> Mexico | D39: ='Sites Master'!$C$6 -> 3 | E39: =5 -> 5
B40: ='Sites Master'!$B$7 -> Site 06 | C40: ='Sites Master'!$A$7 -> Mexico | D40: ='Sites Master'!$C$7 -> 1 | E40: =6 -> 6
B41: ='Sites Master'!$B$8 -> Site 07 | C41: ='Sites Master'!$A$8 -> Mexico | D41: ='Sites Master'!$C$8 -> 2 | E41: =7 -> 7
B42: ='Sites Master'!$B$9 -> Site 08 | C42: ='Sites Master'!$A$9 -> Colombia | D42: ='Sites Master'!$C$9 -> 1 | E42: =8 -> 8
B43: ='Sites Master'!$B$10 -> Site 09 | C43: ='Sites Master'!$A$10 -> Colombia | D43: ='Sites Master'!$C$10 -> 2 | E43: =9 -> 9
B44: ='Sites Master'!$B$11 -> Site 10 | C44: ='Sites Master'!$A$11 -> Colombia | D44: ='Sites Master'!$C$11 -> 1 | E44: =10 -> 10
B45: ='Sites Master'!$B$12 -> Site 11 | C45: ='Sites Master'!$A$12 -> Colombia | D45: ='Sites Master'!$C$12 -> 3 | E45: =11 -> 11
B46: ='Sites Master'!$B$13 -> Site 12 | C46: ='Sites Master'!$A$13 -> Colombia | D46: ='Sites Master'!$C$13 -> 4 | E46: =12 -> 12
B47: ='Sites Master'!$B$14 -> Site 13 | C47: ='Sites Master'!$A$14 -> Colombia | D47: ='Sites Master'!$C$14 -> 1 | E47: =13 -> 13
B48: ='Sites Master'!$B$15 -> Site 14 | C48: ='Sites Master'!$A$15 -> Colombia | D48: ='Sites Master'!$C$15 -> 1 | E48: =14 -> 14
B49: ='Sites Master'!$B$16 -> Site 15 | C49: ='Sites Master'!$A$16 -> Colombia | D49: ='Sites Master'!$C$16 -> 2 | E49: =15 -> 15

Sheet 02_SCHEDULE
B2: SIMULADOR WMS - 02_SCHEDULE (cronograma por Site y Fase)
B3: Duracion total (semanas): | C3: =MAX($L$5:$L$124) -> 86 | D3: Duracion total (meses): | E3: =C3/4.345 -> 19.792865 | F3: Fecha fin programa: | G3: =MAX($J$5:$J$124) -> 46852 | H3: Objetivo (meses): | I3: ='01_INPUTS'!$C$13 -> 8 | J3: Cumple objetivo? | K3: =IF(E3<=I3,"CUMPLE","NO CUMPLE") -> NO CUMPLE | O3: ZONA DE CALCULO: secuenciacion de sites por prioridad y paralelismo (no editar)
B4: Site | C4: Pais | D4: Cluster | E4: Deployment Maturity | F4: Fase | G4: Secuencia | H4: Duracion (semanas) | I4: Fecha Inicio | J4: Fecha Fin | K4: Semana Inicio | L4: Semana Fin | M4: Key (uso interno 03_RESOURCES) | O4: Prioridad | P4: Site | Q4: Cluster | R4: Duracion total site (sem) | S4: Inicio Site | T4: Fin Site
B5: ='Sites Master'!$B$2 -> Site 01 | C5: ='Sites Master'!$A$2 -> Mexico | D5: ='Sites Master'!$C$2 -> 2 | E5: ='01_INPUTS'!$C$8 -> A | F5: {=INDEX('Implementation Phases'!$B$2:$B$9,G5)} -> Site Readiness | G5: =1 -> 1 | H5: {=IFERROR(_xlfn.XLOOKUP(1,('Implementation Phases'!$A$2:$A$65=D5)*('Implementation Phases'!$D$2:$D$65=E5)*('Implementation Phases'!$C$2:$C$65=G5),'Implementation Phases'!$E$2:$E$65),0)} -> 4 | I5: =INDEX($S$5:$S$19,MATCH(B5,$P$5:$P$19,0)) -> 46251 | J5: =IF(H5=0,I5,I5+H5*7-1) -> 46278 | K5: =ROUNDUP((I5-'01_INPUTS'!$C$7+1)/7,0) -> 1 | L5: =ROUNDUP((J5-'01_INPUTS'!$C$7+1)/7,0) -> 4 | M5: =B5&"|"&F5 -> Site 01|Site Readiness | O5: =5-4 -> 1 | P5: =INDEX('01_INPUTS'!$B$35:$B$49,MATCH(O5,'01_INPUTS'!$E$35:$E$49,0)) -> Site 01 | Q5: =INDEX('01_INPUTS'!$D$35:$D$49,MATCH(O5,'01_INPUTS'!$E$35:$E$49,0)) -> 2 | R5: =SUMIFS('Implementation Phases'!$E$2:$E$65,'Implementation Phases'!$A$2:$A$65,Q5,'Implementation Phases'!$D$2:$D$65,'01_INPUTS'!$C$8) -> 16 | S5: =IFERROR(IF(O5<='01_INPUTS'!$C$9,'01_INPUTS'!$C$7,INDEX($T$5:$T$19,MATCH(O5-'01_INPUTS'!$C$9,$O$5:$O$19,0))+1),'01_INPUTS'!$C$7) -> 46251 | T5: =S5+R5*7-1 -> 46362
B6: ='Sites Master'!$B$2 -> Site 01 | C6: ='Sites Master'!$A$2 -> Mexico | D6: ='Sites Master'!$C$2 -> 2 | E6: ='01_INPUTS'!$C$8 -> A | F6: {=INDEX('Implementation Phases'!$B$2:$B$9,G6)} -> Design Adaptation | G6: =2 -> 2 | H6: {=IFERROR(_xlfn.XLOOKUP(1,('Implementation Phases'!$A$2:$A$65=D6)*('Implementation Phases'!$D$2:$D$65=E6)*('Implementation Phases'!$C$2:$C$65=G6),'Implementation Phases'!$E$2:$E$65),0)} -> 1 | I6: =J5+1 -> 46279 | J6: =IF(H6=0,I6,I6+H6*7-1) -> 46285 | K6: =ROUNDUP((I6-'01_INPUTS'!$C$7+1)/7,0) -> 5 | L6: =ROUNDUP((J6-'01_INPUTS'!$C$7+1)/7,0) -> 5 | M6: =B6&"|"&F6 -> Site 01|Design Adaptation | O6: =6-4 -> 2 | P6: =INDEX('01_INPUTS'!$B$35:$B$49,MATCH(O6,'01_INPUTS'!$E$35:$E$49,0)) -> Site 02 | Q6: =INDEX('01_INPUTS'!$D$35:$D$49,MATCH(O6,'01_INPUTS'!$E$35:$E$49,0)) -> 2 | R6: =SUMIFS('Implementation Phases'!$E$2:$E$65,'Implementation Phases'!$A$2:$A$65,Q6,'Implementation Phases'!$D$2:$D$65,'01_INPUTS'!$C$8) -> 16 | S6: =IFERROR(IF(O6<='01_INPUTS'!$C$9,'01_INPUTS'!$C$7,INDEX($T$5:$T$19,MATCH(O6-'01_INPUTS'!$C$9,$O$5:$O$19,0))+1),'01_INPUTS'!$C$7) -> 46251 | T6: =S6+R6*7-1 -> 46362
B7: ='Sites Master'!$B$2 -> Site 01 | C7: ='Sites Master'!$A$2 -> Mexico | D7: ='Sites Master'!$C$2 -> 2 | E7: ='01_INPUTS'!$C$8 -> A | F7: {=INDEX('Implementation Phases'!$B$2:$B$9,G7)} -> Functional Review | G7: =3 -> 3 | H7: {=IFERROR(_xlfn.XLOOKUP(1,('Implementation Phases'!$A$2:$A$65=D7)*('Implementation Phases'!$D$2:$D$65=E7)*('Implementation Phases'!$C$2:$C$65=G7),'Implementation Phases'!$E$2:$E$65),0)} -> 1 | I7: =J6+1 -> 46286 | J7: =IF(H7=0,I7,I7+H7*7-1) -> 46292 | K7: =ROUNDUP((I7-'01_INPUTS'!$C$7+1)/7,0) -> 6 | L7: =ROUNDUP((J7-'01_INPUTS'!$C$7+1)/7,0) -> 6 | M7: =B7&"|"&F7 -> Site 01|Functional Review | O7: =7-4 -> 3 | P7: =INDEX('01_INPUTS'!$B$35:$B$49,MATCH(O7,'01_INPUTS'!$E$35:$E$49,0)) -> Site 03 | Q7: =INDEX('01_INPUTS'!$D$35:$D$49,MATCH(O7,'01_INPUTS'!$E$35:$E$49,0)) -> 2 | R7: =SUMIFS('Implementation Phases'!$E$2:$E$65,'Implementation Phases'!$A$2:$A$65,Q7,'Implementation Phases'!$D$2:$D$65,'01_INPUTS'!$C$8) -> 16 | S7: =IFERROR(IF(O7<='01_INPUTS'!$C$9,'01_INPUTS'!$C$7,INDEX($T$5:$T$19,MATCH(O7-'01_INPUTS'!$C$9,$O$5:$O$19,0))+1),'01_INPUTS'!$C$7) -> 46251 | T7: =S7+R7*7-1 -> 46362
B8: ='Sites Master'!$B$2 -> Site 01 | C8: ='Sites Master'!$A$2 -> Mexico | D8: ='Sites Master'!$C$2 -> 2 | E8: ='01_INPUTS'!$C$8 -> A | F8: {=INDEX('Implementation Phases'!$B$2:$B$9,G8)} -> UAT | G8: =4 -> 4 | H8: {=IFERROR(_xlfn.XLOOKUP(1,('Implementation Phases'!$A$2:$A$65=D8)*('Implementation Phases'!$D$2:$D$65=E8)*('Implementation Phases'!$C$2:$C$65=G8),'Implementation Phases'!$E$2:$E$65),0)} -> 2 | I8: =J7+1 -> 46293 | J8: =IF(H8=0,I8,I8+H8*7-1) -> 46306 | K8: =ROUNDUP((I8-'01_INPUTS'!$C$7+1)/7,0) -> 7 | L8: =ROUNDUP((J8-'01_INPUTS'!$C$7+1)/7,0) -> 8 | M8: =B8&"|"&F8 -> Site 01|UAT | O8: =8-4 -> 4 | P8: =INDEX('01_INPUTS'!$B$35:$B$49,MATCH(O8,'01_INPUTS'!$E$35:$E$49,0)) -> Site 04 | Q8: =INDEX('01_INPUTS'!$D$35:$D$49,MATCH(O8,'01_INPUTS'!$E$35:$E$49,0)) -> 2 | R8: =SUMIFS('Implementation Phases'!$E$2:$E$65,'Implementation Phases'!$A$2:$A$65,Q8,'Implementation Phases'!$D$2:$D$65,'01_INPUTS'!$C$8) -> 16 | S8: =IFERROR(IF(O8<='01_INPUTS'!$C$9,'01_INPUTS'!$C$7,INDEX($T$5:$T$19,MATCH(O8-'01_INPUTS'!$C$9,$O$5:$O$19,0))+1),'01_INPUTS'!$C$7) -> 46363 | T8: =S8+R8*7-1 -> 46474
B9: ='Sites Master'!$B$2 -> Site 01 | C9: ='Sites Master'!$A$2 -> Mexico | D9: ='Sites Master'!$C$2 -> 2 | E9: ='01_INPUTS'!$C$8 -> A | F9: {=INDEX('Implementation Phases'!$B$2:$B$9,G9)} -> Training | G9: =5 -> 5 | H9: {=IFERROR(_xlfn.XLOOKUP(1,('Implementation Phases'!$A$2:$A$65=D9)*('Implementation Phases'!$D$2:$D$65=E9)*('Implementation Phases'!$C$2:$C$65=G9),'Implementation Phases'!$E$2:$E$65),0)} -> 2 | I9: =J8+1 -> 46307 | J9: =IF(H9=0,I9,I9+H9*7-1) -> 46320 | K9: =ROUNDUP((I9-'01_INPUTS'!$C$7+1)/7,0) -> 9 | L9: =ROUNDUP((J9-'01_INPUTS'!$C$7+1)/7,0) -> 10 | M9: =B9&"|"&F9 -> Site 01|Training | O9: =9-4 -> 5 | P9: =INDEX('01_INPUTS'!$B$35:$B$49,MATCH(O9,'01_INPUTS'!$E$35:$E$49,0)) -> Site 05 | Q9: =INDEX('01_INPUTS'!$D$35:$D$49,MATCH(O9,'01_INPUTS'!$E$35:$E$49,0)) -> 3 | R9: =SUMIFS('Implementation Phases'!$E$2:$E$65,'Implementation Phases'!$A$2:$A$65,Q9,'Implementation Phases'!$D$2:$D$65,'01_INPUTS'!$C$8) -> 15 | S9: =IFERROR(IF(O9<='01_INPUTS'!$C$9,'01_INPUTS'!$C$7,INDEX($T$5:$T$19,MATCH(O9-'01_INPUTS'!$C$9,$O$5:$O$19,0))+1),'01_INPUTS'!$C$7) -> 46363 | T9: =S9+R9*7-1 -> 46467
B10: ='Sites Master'!$B$2 -> Site 01 | C10: ='Sites Master'!$A$2 -> Mexico | D10: ='Sites Master'!$C$2 -> 2 | E10: ='01_INPUTS'!$C$8 -> A | F10: {=INDEX('Implementation Phases'!$B$2:$B$9,G10)} -> DIALT | G10: =6 -> 6 | H10: {=IFERROR(_xlfn.XLOOKUP(1,('Implementation Phases'!$A$2:$A$65=D10)*('Implementation Phases'!$D$2:$D$65=E10)*('Implementation Phases'!$C$2:$C$65=G10),'Implementation Phases'!$E$2:$E$65),0)} -> 1 | I10: =J9+1 -> 46321 | J10: =IF(H10=0,I10,I10+H10*7-1) -> 46327 | K10: =ROUNDUP((I10-'01_INPUTS'!$C$7+1)/7,0) -> 11 | L10: =ROUNDUP((J10-'01_INPUTS'!$C$7+1)/7,0) -> 11 | M10: =B10&"|"&F10 -> Site 01|DIALT | O10: =10-4 -> 6 | P10: =INDEX('01_INPUTS'!$B$35:$B$49,MATCH(O10,'01_INPUTS'!$E$35:$E$49,0)) -> Site 06 | Q10: =INDEX('01_INPUTS'!$D$35:$D$49,MATCH(O10,'01_INPUTS'!$E$35:$E$49,0)) -> 1 | R10: =SUMIFS('Implementation Phases'!$E$2:$E$65,'Implementation Phases'!$A$2:$A$65,Q10,'Implementation Phases'!$D$2:$D$65,'01_INPUTS'!$C$8) -> 19 | S10: =IFERROR(IF(O10<='01_INPUTS'!$C$9,'01_INPUTS'!$C$7,INDEX($T$5:$T$19,MATCH(O10-'01_INPUTS'!$C$9,$O$5:$O$19,0))+1),'01_INPUTS'!$C$7) -> 46363 | T10: =S10+R10*7-1 -> 46495
B11: ='Sites Master'!$B$2 -> Site 01 | C11: ='Sites Master'!$A$2 -> Mexico | D11: ='Sites Master'!$C$2 -> 2 | E11: ='01_INPUTS'!$C$8 -> A | F11: {=INDEX('Implementation Phases'!$B$2:$B$9,G11)} -> Go Live | G11: =7 -> 7 | H11: {=IFERROR(_xlfn.XLOOKUP(1,('Implementation Phases'!$A$2:$A$65=D11)*('Implementation Phases'!$D$2:$D$65=E11)*('Implementation Phases'!$C$2:$C$65=G11),'Implementation Phases'!$E$2:$E$65),0)} -> 1 | I11: =J10+1 -> 46328 | J11: =IF(H11=0,I11,I11+H11*7-1) -> 46334 | K11: =ROUNDUP((I11-'01_INPUTS'!$C$7+1)/7,0) -> 12 | L11: =ROUNDUP((J11-'01_INPUTS'!$C$7+1)/7,0) -> 12 | M11: =B11&"|"&F11 -> Site 01|Go Live | O11: =11-4 -> 7 | P11: =INDEX('01_INPUTS'!$B$35:$B$49,MATCH(O11,'01_INPUTS'!$E$35:$E$49,0)) -> Site 07 | Q11: =INDEX('01_INPUTS'!$D$35:$D$49,MATCH(O11,'01_INPUTS'!$E$35:$E$49,0)) -> 2 | R11: =SUMIFS('Implementation Phases'!$E$2:$E$65,'Implementation Phases'!$A$2:$A$65,Q11,'Implementation Phases'!$D$2:$D$65,'01_INPUTS'!$C$8) -> 16 | S11: =IFERROR(IF(O11<='01_INPUTS'!$C$9,'01_INPUTS'!$C$7,INDEX($T$5:$T$19,MATCH(O11-'01_INPUTS'!$C$9,$O$5:$O$19,0))+1),'01_INPUTS'!$C$7) -> 46475 | T11: =S11+R11*7-1 -> 46586
B12: ='Sites Master'!$B$2 -> Site 01 | C12: ='Sites Master'!$A$2 -> Mexico | D12: ='Sites Master'!$C$2 -> 2 | E12: ='01_INPUTS'!$C$8 -> A | F12: {=INDEX('Implementation Phases'!$B$2:$B$9,G12)} -> Hypercare | G12: =8 -> 8 | H12: {=IFERROR(_xlfn.XLOOKUP(1,('Implementation Phases'!$A$2:$A$65=D12)*('Implementation Phases'!$D$2:$D$65=E12)*('Implementation Phases'!$C$2:$C$65=G12),'Implementation Phases'!$E$2:$E$65),0)} -> 4 | I12: =J11+1 -> 46335 | J12: =IF(H12=0,I12,I12+H12*7-1) -> 46362 | K12: =ROUNDUP((I12-'01_INPUTS'!$C$7+1)/7,0) -> 13 | L12: =ROUNDUP((J12-'01_INPUTS'!$C$7+1)/7,0) -> 16 | M12: =B12&"|"&F12 -> Site 01|Hypercare | O12: =12-4 -> 8 | P12: =INDEX('01_INPUTS'!$B$35:$B$49,MATCH(O12,'01_INPUTS'!$E$35:$E$49,0)) -> Site 08 | Q12: =INDEX('01_INPUTS'!$D$35:$D$49,MATCH(O12,'01_INPUTS'!$E$35:$E$49,0)) -> 1 | R12: =SUMIFS('Implementation Phases'!$E$2:$E$65,'Implementation Phases'!$A$2:$A$65,Q12,'Implementation Phases'!$D$2:$D$65,'01_INPUTS'!$C$8) -> 19 | S12: =IFERROR(IF(O12<='01_INPUTS'!$C$9,'01_INPUTS'!$C$7,INDEX($T$5:$T$19,MATCH(O12-'01_INPUTS'!$C$9,$O$5:$O$19,0))+1),'01_INPUTS'!$C$7) -> 46468 | T12: =S12+R12*7-1 -> 46600
B13: ='Sites Master'!$B$3 -> Site 02 | C13: ='Sites Master'!$A$3 -> Mexico | D13: ='Sites Master'!$C$3 -> 2 | E13: ='01_INPUTS'!$C$8 -> A | F13: {=INDEX('Implementation Phases'!$B$2:$B$9,G13)} -> Site Readiness | G13: =1 -> 1 | H13: {=IFERROR(_xlfn.XLOOKUP(1,('Implementation Phases'!$A$2:$A$65=D13)*('Implementation Phases'!$D$2:$D$65=E13)*('Implementation Phases'!$C$2:$C$65=G13),'Implementation Phases'!$E$2:$E$65),0)} -> 4 | I13: =INDEX($S$5:$S$19,MATCH(B13,$P$5:$P$19,0)) -> 46251 | J13: =IF(H13=0,I13,I13+H13*7-1) -> 46278 | K13: =ROUNDUP((I13-'01_INPUTS'!$C$7+1)/7,0) -> 1 | L13: =ROUNDUP((J13-'01_INPUTS'!$C$7+1)/7,0) -> 4 | M13: =B13&"|"&F13 -> Site 02|Site Readiness | O13: =13-4 -> 9 | P13: =INDEX('01_INPUTS'!$B$35:$B$49,MATCH(O13,'01_INPUTS'!$E$35:$E$49,0)) -> Site 09 | Q13: =INDEX('01_INPUTS'!$D$35:$D$49,MATCH(O13,'01_INPUTS'!$E$35:$E$49,0)) -> 2 | R13: =SUMIFS('Implementation Phases'!$E$2:$E$65,'Implementation Phases'!$A$2:$A$65,Q13,'Implementation Phases'!$D$2:$D$65,'01_INPUTS'!$C$8) -> 16 | S13: =IFERROR(IF(O13<='01_INPUTS'!$C$9,'01_INPUTS'!$C$7,INDEX($T$5:$T$19,MATCH(O13-'01_INPUTS'!$C$9,$O$5:$O$19,0))+1),'01_INPUTS'!$C$7) -> 46496 | T13: =S13+R13*7-1 -> 46607
B14: ='Sites Master'!$B$3 -> Site 02 | C14: ='Sites Master'!$A$3 -> Mexico | D14: ='Sites Master'!$C$3 -> 2 | E14: ='01_INPUTS'!$C$8 -> A | F14: {=INDEX('Implementation Phases'!$B$2:$B$9,G14)} -> Design Adaptation | G14: =2 -> 2 | H14: {=IFERROR(_xlfn.XLOOKUP(1,('Implementation Phases'!$A$2:$A$65=D14)*('Implementation Phases'!$D$2:$D$65=E14)*('Implementation Phases'!$C$2:$C$65=G14),'Implementation Phases'!$E$2:$E$65),0)} -> 1 | I14: =J13+1 -> 46279 | J14: =IF(H14=0,I14,I14+H14*7-1) -> 46285 | K14: =ROUNDUP((I14-'01_INPUTS'!$C$7+1)/7,0) -> 5 | L14: =ROUNDUP((J14-'01_INPUTS'!$C$7+1)/7,0) -> 5 | M14: =B14&"|"&F14 -> Site 02|Design Adaptation | O14: =14-4 -> 10 | P14: =INDEX('01_INPUTS'!$B$35:$B$49,MATCH(O14,'01_INPUTS'!$E$35:$E$49,0)) -> Site 10 | Q14: =INDEX('01_INPUTS'!$D$35:$D$49,MATCH(O14,'01_INPUTS'!$E$35:$E$49,0)) -> 1 | R14: =SUMIFS('Implementation Phases'!$E$2:$E$65,'Implementation Phases'!$A$2:$A$65,Q14,'Implementation Phases'!$D$2:$D$65,'01_INPUTS'!$C$8) -> 19 | S14: =IFERROR(IF(O14<='01_INPUTS'!$C$9,'01_INPUTS'!$C$7,INDEX($T$5:$T$19,MATCH(O14-'01_INPUTS'!$C$9,$O$5:$O$19,0))+1),'01_INPUTS'!$C$7) -> 46587 | T14: =S14+R14*7-1 -> 46719
B15: ='Sites Master'!$B$3 -> Site 02 | C15: ='Sites Master'!$A$3 -> Mexico | D15: ='Sites Master'!$C$3 -> 2 | E15: ='01_INPUTS'!$C$8 -> A | F15: {=INDEX('Implementation Phases'!$B$2:$B$9,G15)} -> Functional Review | G15: =3 -> 3 | H15: {=IFERROR(_xlfn.XLOOKUP(1,('Implementation Phases'!$A$2:$A$65=D15)*('Implementation Phases'!$D$2:$D$65=E15)*('Implementation Phases'!$C$2:$C$65=G15),'Implementation Phases'!$E$2:$E$65),0)} -> 1 | I15: =J14+1 -> 46286 | J15: =IF(H15=0,I15,I15+H15*7-1) -> 46292 | K15: =ROUNDUP((I15-'01_INPUTS'!$C$7+1)/7,0) -> 6 | L15: =ROUNDUP((J15-'01_INPUTS'!$C$7+1)/7,0) -> 6 | M15: =B15&"|"&F15 -> Site 02|Functional Review | O15: =15-4 -> 11 | P15: =INDEX('01_INPUTS'!$B$35:$B$49,MATCH(O15,'01_INPUTS'!$E$35:$E$49,0)) -> Site 11 | Q15: =INDEX('01_INPUTS'!$D$35:$D$49,MATCH(O15,'01_INPUTS'!$E$35:$E$49,0)) -> 3 | R15: =SUMIFS('Implementation Phases'!$E$2:$E$65,'Implementation Phases'!$A$2:$A$65,Q15,'Implementation Phases'!$D$2:$D$65,'01_INPUTS'!$C$8) -> 15 | S15: =IFERROR(IF(O15<='01_INPUTS'!$C$9,'01_INPUTS'!$C$7,INDEX($T$5:$T$19,MATCH(O15-'01_INPUTS'!$C$9,$O$5:$O$19,0))+1),'01_INPUTS'!$C$7) -> 46601 | T15: =S15+R15*7-1 -> 46705
B16: ='Sites Master'!$B$3 -> Site 02 | C16: ='Sites Master'!$A$3 -> Mexico | D16: ='Sites Master'!$C$3 -> 2 | E16: ='01_INPUTS'!$C$8 -> A | F16: {=INDEX('Implementation Phases'!$B$2:$B$9,G16)} -> UAT | G16: =4 -> 4 | H16: {=IFERROR(_xlfn.XLOOKUP(1,('Implementation Phases'!$A$2:$A$65=D16)*('Implementation Phases'!$D$2:$D$65=E16)*('Implementation Phases'!$C$2:$C$65=G16),'Implementation Phases'!$E$2:$E$65),0)} -> 2 | I16: =J15+1 -> 46293 | J16: =IF(H16=0,I16,I16+H16*7-1) -> 46306 | K16: =ROUNDUP((I16-'01_INPUTS'!$C$7+1)/7,0) -> 7 | L16: =ROUNDUP((J16-'01_INPUTS'!$C$7+1)/7,0) -> 8 | M16: =B16&"|"&F16 -> Site 02|UAT | O16: =16-4 -> 12 | P16: =INDEX('01_INPUTS'!$B$35:$B$49,MATCH(O16,'01_INPUTS'!$E$35:$E$49,0)) -> Site 12 | Q16: =INDEX('01_INPUTS'!$D$35:$D$49,MATCH(O16,'01_INPUTS'!$E$35:$E$49,0)) -> 4 | R16: =SUMIFS('Implementation Phases'!$E$2:$E$65,'Implementation Phases'!$A$2:$A$65,Q16,'Implementation Phases'!$D$2:$D$65,'01_INPUTS'!$C$8) -> 10 | S16: =IFERROR(IF(O16<='01_INPUTS'!$C$9,'01_INPUTS'!$C$7,INDEX($T$5:$T$19,MATCH(O16-'01_INPUTS'!$C$9,$O$5:$O$19,0))+1),'01_INPUTS'!$C$7) -> 46608 | T16: =S16+R16*7-1 -> 46677
B17: ='Sites Master'!$B$3 -> Site 02 | C17: ='Sites Master'!$A$3 -> Mexico | D17: ='Sites Master'!$C$3 -> 2 | E17: ='01_INPUTS'!$C$8 -> A | F17: {=INDEX('Implementation Phases'!$B$2:$B$9,G17)} -> Training | G17: =5 -> 5 | H17: {=IFERROR(_xlfn.XLOOKUP(1,('Implementation Phases'!$A$2:$A$65=D17)*('Implementation Phases'!$D$2:$D$65=E17)*('Implementation Phases'!$C$2:$C$65=G17),'Implementation Phases'!$E$2:$E$65),0)} -> 2 | I17: =J16+1 -> 46307 | J17: =IF(H17=0,I17,I17+H17*7-1) -> 46320 | K17: =ROUNDUP((I17-'01_INPUTS'!$C$7+1)/7,0) -> 9 | L17: =ROUNDUP((J17-'01_INPUTS'!$C$7+1)/7,0) -> 10 | M17: =B17&"|"&F17 -> Site 02|Training | O17: =17-4 -> 13 | P17: =INDEX('01_INPUTS'!$B$35:$B$49,MATCH(O17,'01_INPUTS'!$E$35:$E$49,0)) -> Site 13 | Q17: =INDEX('01_INPUTS'!$D$35:$D$49,MATCH(O17,'01_INPUTS'!$E$35:$E$49,0)) -> 1 | R17: =SUMIFS('Implementation Phases'!$E$2:$E$65,'Implementation Phases'!$A$2:$A$65,Q17,'Implementation Phases'!$D$2:$D$65,'01_INPUTS'!$C$8) -> 19 | S17: =IFERROR(IF(O17<='01_INPUTS'!$C$9,'01_INPUTS'!$C$7,INDEX($T$5:$T$19,MATCH(O17-'01_INPUTS'!$C$9,$O$5:$O$19,0))+1),'01_INPUTS'!$C$7) -> 46720 | T17: =S17+R17*7-1 -> 46852
B18: ='Sites Master'!$B$3 -> Site 02 | C18: ='Sites Master'!$A$3 -> Mexico | D18: ='Sites Master'!$C$3 -> 2 | E18: ='01_INPUTS'!$C$8 -> A | F18: {=INDEX('Implementation Phases'!$B$2:$B$9,G18)} -> DIALT | G18: =6 -> 6 | H18: {=IFERROR(_xlfn.XLOOKUP(1,('Implementation Phases'!$A$2:$A$65=D18)*('Implementation Phases'!$D$2:$D$65=E18)*('Implementation Phases'!$C$2:$C$65=G18),'Implementation Phases'!$E$2:$E$65),0)} -> 1 | I18: =J17+1 -> 46321 | J18: =IF(H18=0,I18,I18+H18*7-1) -> 46327 | K18: =ROUNDUP((I18-'01_INPUTS'!$C$7+1)/7,0) -> 11 | L18: =ROUNDUP((J18-'01_INPUTS'!$C$7+1)/7,0) -> 11 | M18: =B18&"|"&F18 -> Site 02|DIALT | O18: =18-4 -> 14 | P18: =INDEX('01_INPUTS'!$B$35:$B$49,MATCH(O18,'01_INPUTS'!$E$35:$E$49,0)) -> Site 14 | Q18: =INDEX('01_INPUTS'!$D$35:$D$49,MATCH(O18,'01_INPUTS'!$E$35:$E$49,0)) -> 1 | R18: =SUMIFS('Implementation Phases'!$E$2:$E$65,'Implementation Phases'!$A$2:$A$65,Q18,'Implementation Phases'!$D$2:$D$65,'01_INPUTS'!$C$8) -> 19 | S18: =IFERROR(IF(O18<='01_INPUTS'!$C$9,'01_INPUTS'!$C$7,INDEX($T$5:$T$19,MATCH(O18-'01_INPUTS'!$C$9,$O$5:$O$19,0))+1),'01_INPUTS'!$C$7) -> 46706 | T18: =S18+R18*7-1 -> 46838
B19: ='Sites Master'!$B$3 -> Site 02 | C19: ='Sites Master'!$A$3 -> Mexico | D19: ='Sites Master'!$C$3 -> 2 | E19: ='01_INPUTS'!$C$8 -> A | F19: {=INDEX('Implementation Phases'!$B$2:$B$9,G19)} -> Go Live | G19: =7 -> 7 | H19: {=IFERROR(_xlfn.XLOOKUP(1,('Implementation Phases'!$A$2:$A$65=D19)*('Implementation Phases'!$D$2:$D$65=E19)*('Implementation Phases'!$C$2:$C$65=G19),'Implementation Phases'!$E$2:$E$65),0)} -> 1 | I19: =J18+1 -> 46328 | J19: =IF(H19=0,I19,I19+H19*7-1) -> 46334 | K19: =ROUNDUP((I19-'01_INPUTS'!$C$7+1)/7,0) -> 12 | L19: =ROUNDUP((J19-'01_INPUTS'!$C$7+1)/7,0) -> 12 | M19: =B19&"|"&F19 -> Site 02|Go Live | O19: =19-4 -> 15 | P19: =INDEX('01_INPUTS'!$B$35:$B$49,MATCH(O19,'01_INPUTS'!$E$35:$E$49,0)) -> Site 15 | Q19: =INDEX('01_INPUTS'!$D$35:$D$49,MATCH(O19,'01_INPUTS'!$E$35:$E$49,0)) -> 2 | R19: =SUMIFS('Implementation Phases'!$E$2:$E$65,'Implementation Phases'!$A$2:$A$65,Q19,'Implementation Phases'!$D$2:$D$65,'01_INPUTS'!$C$8) -> 16 | S19: =IFERROR(IF(O19<='01_INPUTS'!$C$9,'01_INPUTS'!$C$7,INDEX($T$5:$T$19,MATCH(O19-'01_INPUTS'!$C$9,$O$5:$O$19,0))+1),'01_INPUTS'!$C$7) -> 46678 | T19: =S19+R19*7-1 -> 46789
B20: ='Sites Master'!$B$3 -> Site 02 | C20: ='Sites Master'!$A$3 -> Mexico | D20: ='Sites Master'!$C$3 -> 2 | E20: ='01_INPUTS'!$C$8 -> A | F20: {=INDEX('Implementation Phases'!$B$2:$B$9,G20)} -> Hypercare | G20: =8 -> 8 | H20: {=IFERROR(_xlfn.XLOOKUP(1,('Implementation Phases'!$A$2:$A$65=D20)*('Implementation Phases'!$D$2:$D$65=E20)*('Implementation Phases'!$C$2:$C$65=G20),'Implementation Phases'!$E$2:$E$65),0)} -> 4 | I20: =J19+1 -> 46335 | J20: =IF(H20=0,I20,I20+H20*7-1) -> 46362 | K20: =ROUNDUP((I20-'01_INPUTS'!$C$7+1)/7,0) -> 13 | L20: =ROUNDUP((J20-'01_INPUTS'!$C$7+1)/7,0) -> 16 | M20: =B20&"|"&F20 -> Site 02|Hypercare
B21: ='Sites Master'!$B$4 -> Site 03 | C21: ='Sites Master'!$A$4 -> Mexico | D21: ='Sites Master'!$C$4 -> 2 | E21: ='01_INPUTS'!$C$8 -> A | F21: {=INDEX('Implementation Phases'!$B$2:$B$9,G21)} -> Site Readiness | G21: =1 -> 1 | H21: {=IFERROR(_xlfn.XLOOKUP(1,('Implementation Phases'!$A$2:$A$65=D21)*('Implementation Phases'!$D$2:$D$65=E21)*('Implementation Phases'!$C$2:$C$65=G21),'Implementation Phases'!$E$2:$E$65),0)} -> 4 | I21: =INDEX($S$5:$S$19,MATCH(B21,$P$5:$P$19,0)) -> 46251 | J21: =IF(H21=0,I21,I21+H21*7-1) -> 46278 | K21: =ROUNDUP((I21-'01_INPUTS'!$C$7+1)/7,0) -> 1 | L21: =ROUNDUP((J21-'01_INPUTS'!$C$7+1)/7,0) -> 4 | M21: =B21&"|"&F21 -> Site 03|Site Readiness
B22: ='Sites Master'!$B$4 -> Site 03 | C22: ='Sites Master'!$A$4 -> Mexico | D22: ='Sites Master'!$C$4 -> 2 | E22: ='01_INPUTS'!$C$8 -> A | F22: {=INDEX('Implementation Phases'!$B$2:$B$9,G22)} -> Design Adaptation | G22: =2 -> 2 | H22: {=IFERROR(_xlfn.XLOOKUP(1,('Implementation Phases'!$A$2:$A$65=D22)*('Implementation Phases'!$D$2:$D$65=E22)*('Implementation Phases'!$C$2:$C$65=G22),'Implementation Phases'!$E$2:$E$65),0)} -> 1 | I22: =J21+1 -> 46279 | J22: =IF(H22=0,I22,I22+H22*7-1) -> 46285 | K22: =ROUNDUP((I22-'01_INPUTS'!$C$7+1)/7,0) -> 5 | L22: =ROUNDUP((J22-'01_INPUTS'!$C$7+1)/7,0) -> 5 | M22: =B22&"|"&F22 -> Site 03|Design Adaptation
B23: ='Sites Master'!$B$4 -> Site 03 | C23: ='Sites Master'!$A$4 -> Mexico | D23: ='Sites Master'!$C$4 -> 2 | E23: ='01_INPUTS'!$C$8 -> A | F23: {=INDEX('Implementation Phases'!$B$2:$B$9,G23)} -> Functional Review | G23: =3 -> 3 | H23: {=IFERROR(_xlfn.XLOOKUP(1,('Implementation Phases'!$A$2:$A$65=D23)*('Implementation Phases'!$D$2:$D$65=E23)*('Implementation Phases'!$C$2:$C$65=G23),'Implementation Phases'!$E$2:$E$65),0)} -> 1 | I23: =J22+1 -> 46286 | J23: =IF(H23=0,I23,I23+H23*7-1) -> 46292 | K23: =ROUNDUP((I23-'01_INPUTS'!$C$7+1)/7,0) -> 6 | L23: =ROUNDUP((J23-'01_INPUTS'!$C$7+1)/7,0) -> 6 | M23: =B23&"|"&F23 -> Site 03|Functional Review
B24: ='Sites Master'!$B$4 -> Site 03 | C24: ='Sites Master'!$A$4 -> Mexico | D24: ='Sites Master'!$C$4 -> 2 | E24: ='01_INPUTS'!$C$8 -> A | F24: {=INDEX('Implementation Phases'!$B$2:$B$9,G24)} -> UAT | G24: =4 -> 4 | H24: {=IFERROR(_xlfn.XLOOKUP(1,('Implementation Phases'!$A$2:$A$65=D24)*('Implementation Phases'!$D$2:$D$65=E24)*('Implementation Phases'!$C$2:$C$65=G24),'Implementation Phases'!$E$2:$E$65),0)} -> 2 | I24: =J23+1 -> 46293 | J24: =IF(H24=0,I24,I24+H24*7-1) -> 46306 | K24: =ROUNDUP((I24-'01_INPUTS'!$C$7+1)/7,0) -> 7 | L24: =ROUNDUP((J24-'01_INPUTS'!$C$7+1)/7,0) -> 8 | M24: =B24&"|"&F24 -> Site 03|UAT
B25: ='Sites Master'!$B$4 -> Site 03 | C25: ='Sites Master'!$A$4 -> Mexico | D25: ='Sites Master'!$C$4 -> 2 | E25: ='01_INPUTS'!$C$8 -> A | F25: {=INDEX('Implementation Phases'!$B$2:$B$9,G25)} -> Training | G25: =5 -> 5 | H25: {=IFERROR(_xlfn.XLOOKUP(1,('Implementation Phases'!$A$2:$A$65=D25)*('Implementation Phases'!$D$2:$D$65=E25)*('Implementation Phases'!$C$2:$C$65=G25),'Implementation Phases'!$E$2:$E$65),0)} -> 2 | I25: =J24+1 -> 46307 | J25: =IF(H25=0,I25,I25+H25*7-1) -> 46320 | K25: =ROUNDUP((I25-'01_INPUTS'!$C$7+1)/7,0) -> 9 | L25: =ROUNDUP((J25-'01_INPUTS'!$C$7+1)/7,0) -> 10 | M25: =B25&"|"&F25 -> Site 03|Training
B26: ='Sites Master'!$B$4 -> Site 03 | C26: ='Sites Master'!$A$4 -> Mexico | D26: ='Sites Master'!$C$4 -> 2 | E26: ='01_INPUTS'!$C$8 -> A | F26: {=INDEX('Implementation Phases'!$B$2:$B$9,G26)} -> DIALT | G26: =6 -> 6 | H26: {=IFERROR(_xlfn.XLOOKUP(1,('Implementation Phases'!$A$2:$A$65=D26)*('Implementation Phases'!$D$2:$D$65=E26)*('Implementation Phases'!$C$2:$C$65=G26),'Implementation Phases'!$E$2:$E$65),0)} -> 1 | I26: =J25+1 -> 46321 | J26: =IF(H26=0,I26,I26+H26*7-1) -> 46327 | K26: =ROUNDUP((I26-'01_INPUTS'!$C$7+1)/7,0) -> 11 | L26: =ROUNDUP((J26-'01_INPUTS'!$C$7+1)/7,0) -> 11 | M26: =B26&"|"&F26 -> Site 03|DIALT
B27: ='Sites Master'!$B$4 -> Site 03 | C27: ='Sites Master'!$A$4 -> Mexico | D27: ='Sites Master'!$C$4 -> 2 | E27: ='01_INPUTS'!$C$8 -> A | F27: {=INDEX('Implementation Phases'!$B$2:$B$9,G27)} -> Go Live | G27: =7 -> 7 | H27: {=IFERROR(_xlfn.XLOOKUP(1,('Implementation Phases'!$A$2:$A$65=D27)*('Implementation Phases'!$D$2:$D$65=E27)*('Implementation Phases'!$C$2:$C$65=G27),'Implementation Phases'!$E$2:$E$65),0)} -> 1 | I27: =J26+1 -> 46328 | J27: =IF(H27=0,I27,I27+H27*7-1) -> 46334 | K27: =ROUNDUP((I27-'01_INPUTS'!$C$7+1)/7,0) -> 12 | L27: =ROUNDUP((J27-'01_INPUTS'!$C$7+1)/7,0) -> 12 | M27: =B27&"|"&F27 -> Site 03|Go Live
B28: ='Sites Master'!$B$4 -> Site 03 | C28: ='Sites Master'!$A$4 -> Mexico | D28: ='Sites Master'!$C$4 -> 2 | E28: ='01_INPUTS'!$C$8 -> A | F28: {=INDEX('Implementation Phases'!$B$2:$B$9,G28)} -> Hypercare | G28: =8 -> 8 | H28: {=IFERROR(_xlfn.XLOOKUP(1,('Implementation Phases'!$A$2:$A$65=D28)*('Implementation Phases'!$D$2:$D$65=E28)*('Implementation Phases'!$C$2:$C$65=G28),'Implementation Phases'!$E$2:$E$65),0)} -> 4 | I28: =J27+1 -> 46335 | J28: =IF(H28=0,I28,I28+H28*7-1) -> 46362 | K28: =ROUNDUP((I28-'01_INPUTS'!$C$7+1)/7,0) -> 13 | L28: =ROUNDUP((J28-'01_INPUTS'!$C$7+1)/7,0) -> 16 | M28: =B28&"|"&F28 -> Site 03|Hypercare
B29: ='Sites Master'!$B$5 -> Site 04 | C29: ='Sites Master'!$A$5 -> Mexico | D29: ='Sites Master'!$C$5 -> 2 | E29: ='01_INPUTS'!$C$8 -> A | F29: {=INDEX('Implementation Phases'!$B$2:$B$9,G29)} -> Site Readiness | G29: =1 -> 1 | H29: {=IFERROR(_xlfn.XLOOKUP(1,('Implementation Phases'!$A$2:$A$65=D29)*('Implementation Phases'!$D$2:$D$65=E29)*('Implementation Phases'!$C$2:$C$65=G29),'Implementation Phases'!$E$2:$E$65),0)} -> 4 | I29: =INDEX($S$5:$S$19,MATCH(B29,$P$5:$P$19,0)) -> 46363 | J29: =IF(H29=0,I29,I29+H29*7-1) -> 46390 | K29: =ROUNDUP((I29-'01_INPUTS'!$C$7+1)/7,0) -> 17 | L29: =ROUNDUP((J29-'01_INPUTS'!$C$7+1)/7,0) -> 20 | M29: =B29&"|"&F29 -> Site 04|Site Readiness
B30: ='Sites Master'!$B$5 -> Site 04 | C30: ='Sites Master'!$A$5 -> Mexico | D30: ='Sites Master'!$C$5 -> 2 | E30: ='01_INPUTS'!$C$8 -> A | F30: {=INDEX('Implementation Phases'!$B$2:$B$9,G30)} -> Design Adaptation | G30: =2 -> 2 | H30: {=IFERROR(_xlfn.XLOOKUP(1,('Implementation Phases'!$A$2:$A$65=D30)*('Implementation Phases'!$D$2:$D$65=E30)*('Implementation Phases'!$C$2:$C$65=G30),'Implementation Phases'!$E$2:$E$65),0)} -> 1 | I30: =J29+1 -> 46391 | J30: =IF(H30=0,I30,I30+H30*7-1) -> 46397 | K30: =ROUNDUP((I30-'01_INPUTS'!$C$7+1)/7,0) -> 21 | L30: =ROUNDUP((J30-'01_INPUTS'!$C$7+1)/7,0) -> 21 | M30: =B30&"|"&F30 -> Site 04|Design Adaptation
B31: ='Sites Master'!$B$5 -> Site 04 | C31: ='Sites Master'!$A$5 -> Mexico | D31: ='Sites Master'!$C$5 -> 2 | E31: ='01_INPUTS'!$C$8 -> A | F31: {=INDEX('Implementation Phases'!$B$2:$B$9,G31)} -> Functional Review | G31: =3 -> 3 | H31: {=IFERROR(_xlfn.XLOOKUP(1,('Implementation Phases'!$A$2:$A$65=D31)*('Implementation Phases'!$D$2:$D$65=E31)*('Implementation Phases'!$C$2:$C$65=G31),'Implementation Phases'!$E$2:$E$65),0)} -> 1 | I31: =J30+1 -> 46398 | J31: =IF(H31=0,I31,I31+H31*7-1) -> 46404 | K31: =ROUNDUP((I31-'01_INPUTS'!$C$7+1)/7,0) -> 22 | L31: =ROUNDUP((J31-'01_INPUTS'!$C$7+1)/7,0) -> 22 | M31: =B31&"|"&F31 -> Site 04|Functional Review
B32: ='Sites Master'!$B$5 -> Site 04 | C32: ='Sites Master'!$A$5 -> Mexico | D32: ='Sites Master'!$C$5 -> 2 | E32: ='01_INPUTS'!$C$8 -> A | F32: {=INDEX('Implementation Phases'!$B$2:$B$9,G32)} -> UAT | G32: =4 -> 4 | H32: {=IFERROR(_xlfn.XLOOKUP(1,('Implementation Phases'!$A$2:$A$65=D32)*('Implementation Phases'!$D$2:$D$65=E32)*('Implementation Phases'!$C$2:$C$65=G32),'Implementation Phases'!$E$2:$E$65),0)} -> 2 | I32: =J31+1 -> 46405 | J32: =IF(H32=0,I32,I32+H32*7-1) -> 46418 | K32: =ROUNDUP((I32-'01_INPUTS'!$C$7+1)/7,0) -> 23 | L32: =ROUNDUP((J32-'01_INPUTS'!$C$7+1)/7,0) -> 24 | M32: =B32&"|"&F32 -> Site 04|UAT
B33: ='Sites Master'!$B$5 -> Site 04 | C33: ='Sites Master'!$A$5 -> Mexico | D33: ='Sites Master'!$C$5 -> 2 | E33: ='01_INPUTS'!$C$8 -> A | F33: {=INDEX('Implementation Phases'!$B$2:$B$9,G33)} -> Training | G33: =5 -> 5 | H33: {=IFERROR(_xlfn.XLOOKUP(1,('Implementation Phases'!$A$2:$A$65=D33)*('Implementation Phases'!$D$2:$D$65=E33)*('Implementation Phases'!$C$2:$C$65=G33),'Implementation Phases'!$E$2:$E$65),0)} -> 2 | I33: =J32+1 -> 46419 | J33: =IF(H33=0,I33,I33+H33*7-1) -> 46432 | K33: =ROUNDUP((I33-'01_INPUTS'!$C$7+1)/7,0) -> 25 | L33: =ROUNDUP((J33-'01_INPUTS'!$C$7+1)/7,0) -> 26 | M33: =B33&"|"&F33 -> Site 04|Training
B34: ='Sites Master'!$B$5 -> Site 04 | C34: ='Sites Master'!$A$5 -> Mexico | D34: ='Sites Master'!$C$5 -> 2 | E34: ='01_INPUTS'!$C$8 -> A | F34: {=INDEX('Implementation Phases'!$B$2:$B$9,G34)} -> DIALT | G34: =6 -> 6 | H34: {=IFERROR(_xlfn.XLOOKUP(1,('Implementation Phases'!$A$2:$A$65=D34)*('Implementation Phases'!$D$2:$D$65=E34)*('Implementation Phases'!$C$2:$C$65=G34),'Implementation Phases'!$E$2:$E$65),0)} -> 1 | I34: =J33+1 -> 46433 | J34: =IF(H34=0,I34,I34+H34*7-1) -> 46439 | K34: =ROUNDUP((I34-'01_INPUTS'!$C$7+1)/7,0) -> 27 | L34: =ROUNDUP((J34-'01_INPUTS'!$C$7+1)/7,0) -> 27 | M34: =B34&"|"&F34 -> Site 04|DIALT
B35: ='Sites Master'!$B$5 -> Site 04 | C35: ='Sites Master'!$A$5 -> Mexico | D35: ='Sites Master'!$C$5 -> 2 | E35: ='01_INPUTS'!$C$8 -> A | F35: {=INDEX('Implementation Phases'!$B$2:$B$9,G35)} -> Go Live | G35: =7 -> 7 | H35: {=IFERROR(_xlfn.XLOOKUP(1,('Implementation Phases'!$A$2:$A$65=D35)*('Implementation Phases'!$D$2:$D$65=E35)*('Implementation Phases'!$C$2:$C$65=G35),'Implementation Phases'!$E$2:$E$65),0)} -> 1 | I35: =J34+1 -> 46440 | J35: =IF(H35=0,I35,I35+H35*7-1) -> 46446 | K35: =ROUNDUP((I35-'01_INPUTS'!$C$7+1)/7,0) -> 28 | L35: =ROUNDUP((J35-'01_INPUTS'!$C$7+1)/7,0) -> 28 | M35: =B35&"|"&F35 -> Site 04|Go Live
B36: ='Sites Master'!$B$5 -> Site 04 | C36: ='Sites Master'!$A$5 -> Mexico | D36: ='Sites Master'!$C$5 -> 2 | E36: ='01_INPUTS'!$C$8 -> A | F36: {=INDEX('Implementation Phases'!$B$2:$B$9,G36)} -> Hypercare | G36: =8 -> 8 | H36: {=IFERROR(_xlfn.XLOOKUP(1,('Implementation Phases'!$A$2:$A$65=D36)*('Implementation Phases'!$D$2:$D$65=E36)*('Implementation Phases'!$C$2:$C$65=G36),'Implementation Phases'!$E$2:$E$65),0)} -> 4 | I36: =J35+1 -> 46447 | J36: =IF(H36=0,I36,I36+H36*7-1) -> 46474 | K36: =ROUNDUP((I36-'01_INPUTS'!$C$7+1)/7,0) -> 29 | L36: =ROUNDUP((J36-'01_INPUTS'!$C$7+1)/7,0) -> 32 | M36: =B36&"|"&F36 -> Site 04|Hypercare
B37: ='Sites Master'!$B$6 -> Site 05 | C37: ='Sites Master'!$A$6 -> Mexico | D37: ='Sites Master'!$C$6 -> 3 | E37: ='01_INPUTS'!$C$8 -> A | F37: {=INDEX('Implementation Phases'!$B$2:$B$9,G37)} -> Site Readiness | G37: =1 -> 1 | H37: {=IFERROR(_xlfn.XLOOKUP(1,('Implementation Phases'!$A$2:$A$65=D37)*('Implementation Phases'!$D$2:$D$65=E37)*('Implementation Phases'!$C$2:$C$65=G37),'Implementation Phases'!$E$2:$E$65),0)} -> 4 | I37: =INDEX($S$5:$S$19,MATCH(B37,$P$5:$P$19,0)) -> 46363 | J37: =IF(H37=0,I37,I37+H37*7-1) -> 46390 | K37: =ROUNDUP((I37-'01_INPUTS'!$C$7+1)/7,0) -> 17 | L37: =ROUNDUP((J37-'01_INPUTS'!$C$7+1)/7,0) -> 20 | M37: =B37&"|"&F37 -> Site 05|Site Readiness
B38: ='Sites Master'!$B$6 -> Site 05 | C38: ='Sites Master'!$A$6 -> Mexico | D38: ='Sites Master'!$C$6 -> 3 | E38: ='01_INPUTS'!$C$8 -> A | F38: {=INDEX('Implementation Phases'!$B$2:$B$9,G38)} -> Design Adaptation | G38: =2 -> 2 | H38: {=IFERROR(_xlfn.XLOOKUP(1,('Implementation Phases'!$A$2:$A$65=D38)*('Implementation Phases'!$D$2:$D$65=E38)*('Implementation Phases'!$C$2:$C$65=G38),'Implementation Phases'!$E$2:$E$65),0)} -> 1 | I38: =J37+1 -> 46391 | J38: =IF(H38=0,I38,I38+H38*7-1) -> 46397 | K38: =ROUNDUP((I38-'01_INPUTS'!$C$7+1)/7,0) -> 21 | L38: =ROUNDUP((J38-'01_INPUTS'!$C$7+1)/7,0) -> 21 | M38: =B38&"|"&F38 -> Site 05|Design Adaptation
B39: ='Sites Master'!$B$6 -> Site 05 | C39: ='Sites Master'!$A$6 -> Mexico | D39: ='Sites Master'!$C$6 -> 3 | E39: ='01_INPUTS'!$C$8 -> A | F39: {=INDEX('Implementation Phases'!$B$2:$B$9,G39)} -> Functional Review | G39: =3 -> 3 | H39: {=IFERROR(_xlfn.XLOOKUP(1,('Implementation Phases'!$A$2:$A$65=D39)*('Implementation Phases'!$D$2:$D$65=E39)*('Implementation Phases'!$C$2:$C$65=G39),'Implementation Phases'!$E$2:$E$65),0)} -> 1 | I39: =J38+1 -> 46398 | J39: =IF(H39=0,I39,I39+H39*7-1) -> 46404 | K39: =ROUNDUP((I39-'01_INPUTS'!$C$7+1)/7,0) -> 22 | L39: =ROUNDUP((J39-'01_INPUTS'!$C$7+1)/7,0) -> 22 | M39: =B39&"|"&F39 -> Site 05|Functional Review
B40: ='Sites Master'!$B$6 -> Site 05 | C40: ='Sites Master'!$A$6 -> Mexico | D40: ='Sites Master'!$C$6 -> 3 | E40: ='01_INPUTS'!$C$8 -> A | F40: {=INDEX('Implementation Phases'!$B$2:$B$9,G40)} -> UAT | G40: =4 -> 4 | H40: {=IFERROR(_xlfn.XLOOKUP(1,('Implementation Phases'!$A$2:$A$65=D40)*('Implementation Phases'!$D$2:$D$65=E40)*('Implementation Phases'!$C$2:$C$65=G40),'Implementation Phases'!$E$2:$E$65),0)} -> 1 | I40: =J39+1 -> 46405 | J40: =IF(H40=0,I40,I40+H40*7-1) -> 46411 | K40: =ROUNDUP((I40-'01_INPUTS'!$C$7+1)/7,0) -> 23 | L40: =ROUNDUP((J40-'01_INPUTS'!$C$7+1)/7,0) -> 23 | M40: =B40&"|"&F40 -> Site 05|UAT
B41: ='Sites Master'!$B$6 -> Site 05 | C41: ='Sites Master'!$A$6 -> Mexico | D41: ='Sites Master'!$C$6 -> 3 | E41: ='01_INPUTS'!$C$8 -> A | F41: {=INDEX('Implementation Phases'!$B$2:$B$9,G41)} -> Training | G41: =5 -> 5 | H41: {=IFERROR(_xlfn.XLOOKUP(1,('Implementation Phases'!$A$2:$A$65=D41)*('Implementation Phases'!$D$2:$D$65=E41)*('Implementation Phases'!$C$2:$C$65=G41),'Implementation Phases'!$E$2:$E$65),0)} -> 2 | I41: =J40+1 -> 46412 | J41: =IF(H41=0,I41,I41+H41*7-1) -> 46425 | K41: =ROUNDUP((I41-'01_INPUTS'!$C$7+1)/7,0) -> 24 | L41: =ROUNDUP((J41-'01_INPUTS'!$C$7+1)/7,0) -> 25 | M41: =B41&"|"&F41 -> Site 05|Training
B42: ='Sites Master'!$B$6 -> Site 05 | C42: ='Sites Master'!$A$6 -> Mexico | D42: ='Sites Master'!$C$6 -> 3 | E42: ='01_INPUTS'!$C$8 -> A | F42: {=INDEX('Implementation Phases'!$B$2:$B$9,G42)} -> DIALT | G42: =6 -> 6 | H42: {=IFERROR(_xlfn.XLOOKUP(1,('Implementation Phases'!$A$2:$A$65=D42)*('Implementation Phases'!$D$2:$D$65=E42)*('Implementation Phases'!$C$2:$C$65=G42),'Implementation Phases'!$E$2:$E$65),0)} -> 1 | I42: =J41+1 -> 46426 | J42: =IF(H42=0,I42,I42+H42*7-1) -> 46432 | K42: =ROUNDUP((I42-'01_INPUTS'!$C$7+1)/7,0) -> 26 | L42: =ROUNDUP((J42-'01_INPUTS'!$C$7+1)/7,0) -> 26 | M42: =B42&"|"&F42 -> Site 05|DIALT
B43: ='Sites Master'!$B$6 -> Site 05 | C43: ='Sites Master'!$A$6 -> Mexico | D43: ='Sites Master'!$C$6 -> 3 | E43: ='01_INPUTS'!$C$8 -> A | F43: {=INDEX('Implementation Phases'!$B$2:$B$9,G43)} -> Go Live | G43: =7 -> 7 | H43: {=IFERROR(_xlfn.XLOOKUP(1,('Implementation Phases'!$A$2:$A$65=D43)*('Implementation Phases'!$D$2:$D$65=E43)*('Implementation Phases'!$C$2:$C$65=G43),'Implementation Phases'!$E$2:$E$65),0)} -> 1 | I43: =J42+1 -> 46433 | J43: =IF(H43=0,I43,I43+H43*7-1) -> 46439 | K43: =ROUNDUP((I43-'01_INPUTS'!$C$7+1)/7,0) -> 27 | L43: =ROUNDUP((J43-'01_INPUTS'!$C$7+1)/7,0) -> 27 | M43: =B43&"|"&F43 -> Site 05|Go Live
B44: ='Sites Master'!$B$6 -> Site 05 | C44: ='Sites Master'!$A$6 -> Mexico | D44: ='Sites Master'!$C$6 -> 3 | E44: ='01_INPUTS'!$C$8 -> A | F44: {=INDEX('Implementation Phases'!$B$2:$B$9,G44)} -> Hypercare | G44: =8 -> 8 | H44: {=IFERROR(_xlfn.XLOOKUP(1,('Implementation Phases'!$A$2:$A$65=D44)*('Implementation Phases'!$D$2:$D$65=E44)*('Implementation Phases'!$C$2:$C$65=G44),'Implementation Phases'!$E$2:$E$65),0)} -> 4 | I44: =J43+1 -> 46440 | J44: =IF(H44=0,I44,I44+H44*7-1) -> 46467 | K44: =ROUNDUP((I44-'01_INPUTS'!$C$7+1)/7,0) -> 28 | L44: =ROUNDUP((J44-'01_INPUTS'!$C$7+1)/7,0) -> 31 | M44: =B44&"|"&F44 -> Site 05|Hypercare
B45: ='Sites Master'!$B$7 -> Site 06 | C45: ='Sites Master'!$A$7 -> Mexico | D45: ='Sites Master'!$C$7 -> 1 | E45: ='01_INPUTS'!$C$8 -> A | F45: {=INDEX('Implementation Phases'!$B$2:$B$9,G45)} -> Site Readiness | G45: =1 -> 1 | H45: {=IFERROR(_xlfn.XLOOKUP(1,('Implementation Phases'!$A$2:$A$65=D45)*('Implementation Phases'!$D$2:$D$65=E45)*('Implementation Phases'!$C$2:$C$65=G45),'Implementation Phases'!$E$2:$E$65),0)} -> 5 | I45: =INDEX($S$5:$S$19,MATCH(B45,$P$5:$P$19,0)) -> 46363 | J45: =IF(H45=0,I45,I45+H45*7-1) -> 46397 | K45: =ROUNDUP((I45-'01_INPUTS'!$C$7+1)/7,0) -> 17 | L45: =ROUNDUP((J45-'01_INPUTS'!$C$7+1)/7,0) -> 21 | M45: =B45&"|"&F45 -> Site 06|Site Readiness
B46: ='Sites Master'!$B$7 -> Site 06 | C46: ='Sites Master'!$A$7 -> Mexico | D46: ='Sites Master'!$C$7 -> 1 | E46: ='01_INPUTS'!$C$8 -> A | F46: {=INDEX('Implementation Phases'!$B$2:$B$9,G46)} -> Design Adaptation | G46: =2 -> 2 | H46: {=IFERROR(_xlfn.XLOOKUP(1,('Implementation Phases'!$A$2:$A$65=D46)*('Implementation Phases'!$D$2:$D$65=E46)*('Implementation Phases'!$C$2:$C$65=G46),'Implementation Phases'!$E$2:$E$65),0)} -> 2 | I46: =J45+1 -> 46398 | J46: =IF(H46=0,I46,I46+H46*7-1) -> 46411 | K46: =ROUNDUP((I46-'01_INPUTS'!$C$7+1)/7,0) -> 22 | L46: =ROUNDUP((J46-'01_INPUTS'!$C$7+1)/7,0) -> 23 | M46: =B46&"|"&F46 -> Site 06|Design Adaptation
B47: ='Sites Master'!$B$7 -> Site 06 | C47: ='Sites Master'!$A$7 -> Mexico | D47: ='Sites Master'!$C$7 -> 1 | E47: ='01_INPUTS'!$C$8 -> A | F47: {=INDEX('Implementation Phases'!$B$2:$B$9,G47)} -> Functional Review | G47: =3 -> 3 | H47: {=IFERROR(_xlfn.XLOOKUP(1,('Implementation Phases'!$A$2:$A$65=D47)*('Implementation Phases'!$D$2:$D$65=E47)*('Implementation Phases'!$C$2:$C$65=G47),'Implementation Phases'!$E$2:$E$65),0)} -> 1 | I47: =J46+1 -> 46412 | J47: =IF(H47=0,I47,I47+H47*7-1) -> 46418 | K47: =ROUNDUP((I47-'01_INPUTS'!$C$7+1)/7,0) -> 24 | L47: =ROUNDUP((J47-'01_INPUTS'!$C$7+1)/7,0) -> 24 | M47: =B47&"|"&F47 -> Site 06|Functional Review
B48: ='Sites Master'!$B$7 -> Site 06 | C48: ='Sites Master'!$A$7 -> Mexico | D48: ='Sites Master'!$C$7 -> 1 | E48: ='01_INPUTS'!$C$8 -> A | F48: {=INDEX('Implementation Phases'!$B$2:$B$9,G48)} -> UAT | G48: =4 -> 4 | H48: {=IFERROR(_xlfn.XLOOKUP(1,('Implementation Phases'!$A$2:$A$65=D48)*('Implementation Phases'!$D$2:$D$65=E48)*('Implementation Phases'!$C$2:$C$65=G48),'Implementation Phases'!$E$2:$E$65),0)} -> 2 | I48: =J47+1 -> 46419 | J48: =IF(H48=0,I48,I48+H48*7-1) -> 46432 | K48: =ROUNDUP((I48-'01_INPUTS'!$C$7+1)/7,0) -> 25 | L48: =ROUNDUP((J48-'01_INPUTS'!$C$7+1)/7,0) -> 26 | M48: =B48&"|"&F48 -> Site 06|UAT
B49: ='Sites Master'!$B$7 -> Site 06 | C49: ='Sites Master'!$A$7 -> Mexico | D49: ='Sites Master'!$C$7 -> 1 | E49: ='01_INPUTS'!$C$8 -> A | F49: {=INDEX('Implementation Phases'!$B$2:$B$9,G49)} -> Training | G49: =5 -> 5 | H49: {=IFERROR(_xlfn.XLOOKUP(1,('Implementation Phases'!$A$2:$A$65=D49)*('Implementation Phases'!$D$2:$D$65=E49)*('Implementation Phases'!$C$2:$C$65=G49),'Implementation Phases'!$E$2:$E$65),0)} -> 3 | I49: =J48+1 -> 46433 | J49: =IF(H49=0,I49,I49+H49*7-1) -> 46453 | K49: =ROUNDUP((I49-'01_INPUTS'!$C$7+1)/7,0) -> 27 | L49: =ROUNDUP((J49-'01_INPUTS'!$C$7+1)/7,0) -> 29 | M49: =B49&"|"&F49 -> Site 06|Training
B50: ='Sites Master'!$B$7 -> Site 06 | C50: ='Sites Master'!$A$7 -> Mexico | D50: ='Sites Master'!$C$7 -> 1 | E50: ='01_INPUTS'!$C$8 -> A | F50: {=INDEX('Implementation Phases'!$B$2:$B$9,G50)} -> DIALT | G50: =6 -> 6 | H50: {=IFERROR(_xlfn.XLOOKUP(1,('Implementation Phases'!$A$2:$A$65=D50)*('Implementation Phases'!$D$2:$D$65=E50)*('Implementation Phases'!$C$2:$C$65=G50),'Implementation Phases'!$E$2:$E$65),0)} -> 1 | I50: =J49+1 -> 46454 | J50: =IF(H50=0,I50,I50+H50*7-1) -> 46460 | K50: =ROUNDUP((I50-'01_INPUTS'!$C$7+1)/7,0) -> 30 | L50: =ROUNDUP((J50-'01_INPUTS'!$C$7+1)/7,0) -> 30 | M50: =B50&"|"&F50 -> Site 06|DIALT
B51: ='Sites Master'!$B$7 -> Site 06 | C51: ='Sites Master'!$A$7 -> Mexico | D51: ='Sites Master'!$C$7 -> 1 | E51: ='01_INPUTS'!$C$8 -> A | F51: {=INDEX('Implementation Phases'!$B$2:$B$9,G51)} -> Go Live | G51: =7 -> 7 | H51: {=IFERROR(_xlfn.XLOOKUP(1,('Implementation Phases'!$A$2:$A$65=D51)*('Implementation Phases'!$D$2:$D$65=E51)*('Implementation Phases'!$C$2:$C$65=G51),'Implementation Phases'!$E$2:$E$65),0)} -> 1 | I51: =J50+1 -> 46461 | J51: =IF(H51=0,I51,I51+H51*7-1) -> 46467 | K51: =ROUNDUP((I51-'01_INPUTS'!$C$7+1)/7,0) -> 31 | L51: =ROUNDUP((J51-'01_INPUTS'!$C$7+1)/7,0) -> 31 | M51: =B51&"|"&F51 -> Site 06|Go Live
B52: ='Sites Master'!$B$7 -> Site 06 | C52: ='Sites Master'!$A$7 -> Mexico | D52: ='Sites Master'!$C$7 -> 1 | E52: ='01_INPUTS'!$C$8 -> A | F52: {=INDEX('Implementation Phases'!$B$2:$B$9,G52)} -> Hypercare | G52: =8 -> 8 | H52: {=IFERROR(_xlfn.XLOOKUP(1,('Implementation Phases'!$A$2:$A$65=D52)*('Implementation Phases'!$D$2:$D$65=E52)*('Implementation Phases'!$C$2:$C$65=G52),'Implementation Phases'!$E$2:$E$65),0)} -> 4 | I52: =J51+1 -> 46468 | J52: =IF(H52=0,I52,I52+H52*7-1) -> 46495 | K52: =ROUNDUP((I52-'01_INPUTS'!$C$7+1)/7,0) -> 32 | L52: =ROUNDUP((J52-'01_INPUTS'!$C$7+1)/7,0) -> 35 | M52: =B52&"|"&F52 -> Site 06|Hypercare
B53: ='Sites Master'!$B$8 -> Site 07 | C53: ='Sites Master'!$A$8 -> Mexico | D53: ='Sites Master'!$C$8 -> 2 | E53: ='01_INPUTS'!$C$8 -> A | F53: {=INDEX('Implementation Phases'!$B$2:$B$9,G53)} -> Site Readiness | G53: =1 -> 1 | H53: {=IFERROR(_xlfn.XLOOKUP(1,('Implementation Phases'!$A$2:$A$65=D53)*('Implementation Phases'!$D$2:$D$65=E53)*('Implementation Phases'!$C$2:$C$65=G53),'Implementation Phases'!$E$2:$E$65),0)} -> 4 | I53: =INDEX($S$5:$S$19,MATCH(B53,$P$5:$P$19,0)) -> 46475 | J53: =IF(H53=0,I53,I53+H53*7-1) -> 46502 | K53: =ROUNDUP((I53-'01_INPUTS'!$C$7+1)/7,0) -> 33 | L53: =ROUNDUP((J53-'01_INPUTS'!$C$7+1)/7,0) -> 36 | M53: =B53&"|"&F53 -> Site 07|Site Readiness
B54: ='Sites Master'!$B$8 -> Site 07 | C54: ='Sites Master'!$A$8 -> Mexico | D54: ='Sites Master'!$C$8 -> 2 | E54: ='01_INPUTS'!$C$8 -> A | F54: {=INDEX('Implementation Phases'!$B$2:$B$9,G54)} -> Design Adaptation | G54: =2 -> 2 | H54: {=IFERROR(_xlfn.XLOOKUP(1,('Implementation Phases'!$A$2:$A$65=D54)*('Implementation Phases'!$D$2:$D$65=E54)*('Implementation Phases'!$C$2:$C$65=G54),'Implementation Phases'!$E$2:$E$65),0)} -> 1 | I54: =J53+1 -> 46503 | J54: =IF(H54=0,I54,I54+H54*7-1) -> 46509 | K54: =ROUNDUP((I54-'01_INPUTS'!$C$7+1)/7,0) -> 37 | L54: =ROUNDUP((J54-'01_INPUTS'!$C$7+1)/7,0) -> 37 | M54: =B54&"|"&F54 -> Site 07|Design Adaptation
B55: ='Sites Master'!$B$8 -> Site 07 | C55: ='Sites Master'!$A$8 -> Mexico | D55: ='Sites Master'!$C$8 -> 2 | E55: ='01_INPUTS'!$C$8 -> A | F55: {=INDEX('Implementation Phases'!$B$2:$B$9,G55)} -> Functional Review | G55: =3 -> 3 | H55: {=IFERROR(_xlfn.XLOOKUP(1,('Implementation Phases'!$A$2:$A$65=D55)*('Implementation Phases'!$D$2:$D$65=E55)*('Implementation Phases'!$C$2:$C$65=G55),'Implementation Phases'!$E$2:$E$65),0)} -> 1 | I55: =J54+1 -> 46510 | J55: =IF(H55=0,I55,I55+H55*7-1) -> 46516 | K55: =ROUNDUP((I55-'01_INPUTS'!$C$7+1)/7,0) -> 38 | L55: =ROUNDUP((J55-'01_INPUTS'!$C$7+1)/7,0) -> 38 | M55: =B55&"|"&F55 -> Site 07|Functional Review
B56: ='Sites Master'!$B$8 -> Site 07 | C56: ='Sites Master'!$A$8 -> Mexico | D56: ='Sites Master'!$C$8 -> 2 | E56: ='01_INPUTS'!$C$8 -> A | F56: {=INDEX('Implementation Phases'!$B$2:$B$9,G56)} -> UAT | G56: =4 -> 4 | H56: {=IFERROR(_xlfn.XLOOKUP(1,('Implementation Phases'!$A$2:$A$65=D56)*('Implementation Phases'!$D$2:$D$65=E56)*('Implementation Phases'!$C$2:$C$65=G56),'Implementation Phases'!$E$2:$E$65),0)} -> 2 | I56: =J55+1 -> 46517 | J56: =IF(H56=0,I56,I56+H56*7-1) -> 46530 | K56: =ROUNDUP((I56-'01_INPUTS'!$C$7+1)/7,0) -> 39 | L56: =ROUNDUP((J56-'01_INPUTS'!$C$7+1)/7,0) -> 40 | M56: =B56&"|"&F56 -> Site 07|UAT
B57: ='Sites Master'!$B$8 -> Site 07 | C57: ='Sites Master'!$A$8 -> Mexico | D57: ='Sites Master'!$C$8 -> 2 | E57: ='01_INPUTS'!$C$8 -> A | F57: {=INDEX('Implementation Phases'!$B$2:$B$9,G57)} -> Training | G57: =5 -> 5 | H57: {=IFERROR(_xlfn.XLOOKUP(1,('Implementation Phases'!$A$2:$A$65=D57)*('Implementation Phases'!$D$2:$D$65=E57)*('Implementation Phases'!$C$2:$C$65=G57),'Implementation Phases'!$E$2:$E$65),0)} -> 2 | I57: =J56+1 -> 46531 | J57: =IF(H57=0,I57,I57+H57*7-1) -> 46544 | K57: =ROUNDUP((I57-'01_INPUTS'!$C$7+1)/7,0) -> 41 | L57: =ROUNDUP((J57-'01_INPUTS'!$C$7+1)/7,0) -> 42 | M57: =B57&"|"&F57 -> Site 07|Training
B58: ='Sites Master'!$B$8 -> Site 07 | C58: ='Sites Master'!$A$8 -> Mexico | D58: ='Sites Master'!$C$8 -> 2 | E58: ='01_INPUTS'!$C$8 -> A | F58: {=INDEX('Implementation Phases'!$B$2:$B$9,G58)} -> DIALT | G58: =6 -> 6 | H58: {=IFERROR(_xlfn.XLOOKUP(1,('Implementation Phases'!$A$2:$A$65=D58)*('Implementation Phases'!$D$2:$D$65=E58)*('Implementation Phases'!$C$2:$C$65=G58),'Implementation Phases'!$E$2:$E$65),0)} -> 1 | I58: =J57+1 -> 46545 | J58: =IF(H58=0,I58,I58+H58*7-1) -> 46551 | K58: =ROUNDUP((I58-'01_INPUTS'!$C$7+1)/7,0) -> 43 | L58: =ROUNDUP((J58-'01_INPUTS'!$C$7+1)/7,0) -> 43 | M58: =B58&"|"&F58 -> Site 07|DIALT
B59: ='Sites Master'!$B$8 -> Site 07 | C59: ='Sites Master'!$A$8 -> Mexico | D59: ='Sites Master'!$C$8 -> 2 | E59: ='01_INPUTS'!$C$8 -> A | F59: {=INDEX('Implementation Phases'!$B$2:$B$9,G59)} -> Go Live | G59: =7 -> 7 | H59: {=IFERROR(_xlfn.XLOOKUP(1,('Implementation Phases'!$A$2:$A$65=D59)*('Implementation Phases'!$D$2:$D$65=E59)*('Implementation Phases'!$C$2:$C$65=G59),'Implementation Phases'!$E$2:$E$65),0)} -> 1 | I59: =J58+1 -> 46552 | J59: =IF(H59=0,I59,I59+H59*7-1) -> 46558 | K59: =ROUNDUP((I59-'01_INPUTS'!$C$7+1)/7,0) -> 44 | L59: =ROUNDUP((J59-'01_INPUTS'!$C$7+1)/7,0) -> 44 | M59: =B59&"|"&F59 -> Site 07|Go Live
B60: ='Sites Master'!$B$8 -> Site 07 | C60: ='Sites Master'!$A$8 -> Mexico | D60: ='Sites Master'!$C$8 -> 2 | E60: ='01_INPUTS'!$C$8 -> A | F60: {=INDEX('Implementation Phases'!$B$2:$B$9,G60)} -> Hypercare | G60: =8 -> 8 | H60: {=IFERROR(_xlfn.XLOOKUP(1,('Implementation Phases'!$A$2:$A$65=D60)*('Implementation Phases'!$D$2:$D$65=E60)*('Implementation Phases'!$C$2:$C$65=G60),'Implementation Phases'!$E$2:$E$65),0)} -> 4 | I60: =J59+1 -> 46559 | J60: =IF(H60=0,I60,I60+H60*7-1) -> 46586 | K60: =ROUNDUP((I60-'01_INPUTS'!$C$7+1)/7,0) -> 45 | L60: =ROUNDUP((J60-'01_INPUTS'!$C$7+1)/7,0) -> 48 | M60: =B60&"|"&F60 -> Site 07|Hypercare
B61: ='Sites Master'!$B$9 -> Site 08 | C61: ='Sites Master'!$A$9 -> Colombia | D61: ='Sites Master'!$C$9 -> 1 | E61: ='01_INPUTS'!$C$8 -> A | F61: {=INDEX('Implementation Phases'!$B$2:$B$9,G61)} -> Site Readiness | G61: =1 -> 1 | H61: {=IFERROR(_xlfn.XLOOKUP(1,('Implementation Phases'!$A$2:$A$65=D61)*('Implementation Phases'!$D$2:$D$65=E61)*('Implementation Phases'!$C$2:$C$65=G61),'Implementation Phases'!$E$2:$E$65),0)} -> 5 | I61: =INDEX($S$5:$S$19,MATCH(B61,$P$5:$P$19,0)) -> 46468 | J61: =IF(H61=0,I61,I61+H61*7-1) -> 46502 | K61: =ROUNDUP((I61-'01_INPUTS'!$C$7+1)/7,0) -> 32 | L61: =ROUNDUP((J61-'01_INPUTS'!$C$7+1)/7,0) -> 36 | M61: =B61&"|"&F61 -> Site 08|Site Readiness
B62: ='Sites Master'!$B$9 -> Site 08 | C62: ='Sites Master'!$A$9 -> Colombia | D62: ='Sites Master'!$C$9 -> 1 | E62: ='01_INPUTS'!$C$8 -> A | F62: {=INDEX('Implementation Phases'!$B$2:$B$9,G62)} -> Design Adaptation | G62: =2 -> 2 | H62: {=IFERROR(_xlfn.XLOOKUP(1,('Implementation Phases'!$A$2:$A$65=D62)*('Implementation Phases'!$D$2:$D$65=E62)*('Implementation Phases'!$C$2:$C$65=G62),'Implementation Phases'!$E$2:$E$65),0)} -> 2 | I62: =J61+1 -> 46503 | J62: =IF(H62=0,I62,I62+H62*7-1) -> 46516 | K62: =ROUNDUP((I62-'01_INPUTS'!$C$7+1)/7,0) -> 37 | L62: =ROUNDUP((J62-'01_INPUTS'!$C$7+1)/7,0) -> 38 | M62: =B62&"|"&F62 -> Site 08|Design Adaptation
B63: ='Sites Master'!$B$9 -> Site 08 | C63: ='Sites Master'!$A$9 -> Colombia | D63: ='Sites Master'!$C$9 -> 1 | E63: ='01_INPUTS'!$C$8 -> A | F63: {=INDEX('Implementation Phases'!$B$2:$B$9,G63)} -> Functional Review | G63: =3 -> 3 | H63: {=IFERROR(_xlfn.XLOOKUP(1,('Implementation Phases'!$A$2:$A$65=D63)*('Implementation Phases'!$D$2:$D$65=E63)*('Implementation Phases'!$C$2:$C$65=G63),'Implementation Phases'!$E$2:$E$65),0)} -> 1 | I63: =J62+1 -> 46517 | J63: =IF(H63=0,I63,I63+H63*7-1) -> 46523 | K63: =ROUNDUP((I63-'01_INPUTS'!$C$7+1)/7,0) -> 39 | L63: =ROUNDUP((J63-'01_INPUTS'!$C$7+1)/7,0) -> 39 | M63: =B63&"|"&F63 -> Site 08|Functional Review
B64: ='Sites Master'!$B$9 -> Site 08 | C64: ='Sites Master'!$A$9 -> Colombia | D64: ='Sites Master'!$C$9 -> 1 | E64: ='01_INPUTS'!$C$8 -> A | F64: {=INDEX('Implementation Phases'!$B$2:$B$9,G64)} -> UAT | G64: =4 -> 4 | H64: {=IFERROR(_xlfn.XLOOKUP(1,('Implementation Phases'!$A$2:$A$65=D64)*('Implementation Phases'!$D$2:$D$65=E64)*('Implementation Phases'!$C$2:$C$65=G64),'Implementation Phases'!$E$2:$E$65),0)} -> 2 | I64: =J63+1 -> 46524 | J64: =IF(H64=0,I64,I64+H64*7-1) -> 46537 | K64: =ROUNDUP((I64-'01_INPUTS'!$C$7+1)/7,0) -> 40 | L64: =ROUNDUP((J64-'01_INPUTS'!$C$7+1)/7,0) -> 41 | M64: =B64&"|"&F64 -> Site 08|UAT
B65: ='Sites Master'!$B$9 -> Site 08 | C65: ='Sites Master'!$A$9 -> Colombia | D65: ='Sites Master'!$C$9 -> 1 | E65: ='01_INPUTS'!$C$8 -> A | F65: {=INDEX('Implementation Phases'!$B$2:$B$9,G65)} -> Training | G65: =5 -> 5 | H65: {=IFERROR(_xlfn.XLOOKUP(1,('Implementation Phases'!$A$2:$A$65=D65)*('Implementation Phases'!$D$2:$D$65=E65)*('Implementation Phases'!$C$2:$C$65=G65),'Implementation Phases'!$E$2:$E$65),0)} -> 3 | I65: =J64+1 -> 46538 | J65: =IF(H65=0,I65,I65+H65*7-1) -> 46558 | K65: =ROUNDUP((I65-'01_INPUTS'!$C$7+1)/7,0) -> 42 | L65: =ROUNDUP((J65-'01_INPUTS'!$C$7+1)/7,0) -> 44 | M65: =B65&"|"&F65 -> Site 08|Training
B66: ='Sites Master'!$B$9 -> Site 08 | C66: ='Sites Master'!$A$9 -> Colombia | D66: ='Sites Master'!$C$9 -> 1 | E66: ='01_INPUTS'!$C$8 -> A | F66: {=INDEX('Implementation Phases'!$B$2:$B$9,G66)} -> DIALT | G66: =6 -> 6 | H66: {=IFERROR(_xlfn.XLOOKUP(1,('Implementation Phases'!$A$2:$A$65=D66)*('Implementation Phases'!$D$2:$D$65=E66)*('Implementation Phases'!$C$2:$C$65=G66),'Implementation Phases'!$E$2:$E$65),0)} -> 1 | I66: =J65+1 -> 46559 | J66: =IF(H66=0,I66,I66+H66*7-1) -> 46565 | K66: =ROUNDUP((I66-'01_INPUTS'!$C$7+1)/7,0) -> 45 | L66: =ROUNDUP((J66-'01_INPUTS'!$C$7+1)/7,0) -> 45 | M66: =B66&"|"&F66 -> Site 08|DIALT
B67: ='Sites Master'!$B$9 -> Site 08 | C67: ='Sites Master'!$A$9 -> Colombia | D67: ='Sites Master'!$C$9 -> 1 | E67: ='01_INPUTS'!$C$8 -> A | F67: {=INDEX('Implementation Phases'!$B$2:$B$9,G67)} -> Go Live | G67: =7 -> 7 | H67: {=IFERROR(_xlfn.XLOOKUP(1,('Implementation Phases'!$A$2:$A$65=D67)*('Implementation Phases'!$D$2:$D$65=E67)*('Implementation Phases'!$C$2:$C$65=G67),'Implementation Phases'!$E$2:$E$65),0)} -> 1 | I67: =J66+1 -> 46566 | J67: =IF(H67=0,I67,I67+H67*7-1) -> 46572 | K67: =ROUNDUP((I67-'01_INPUTS'!$C$7+1)/7,0) -> 46 | L67: =ROUNDUP((J67-'01_INPUTS'!$C$7+1)/7,0) -> 46 | M67: =B67&"|"&F67 -> Site 08|Go Live
B68: ='Sites Master'!$B$9 -> Site 08 | C68: ='Sites Master'!$A$9 -> Colombia | D68: ='Sites Master'!$C$9 -> 1 | E68: ='01_INPUTS'!$C$8 -> A | F68: {=INDEX('Implementation Phases'!$B$2:$B$9,G68)} -> Hypercare | G68: =8 -> 8 | H68: {=IFERROR(_xlfn.XLOOKUP(1,('Implementation Phases'!$A$2:$A$65=D68)*('Implementation Phases'!$D$2:$D$65=E68)*('Implementation Phases'!$C$2:$C$65=G68),'Implementation Phases'!$E$2:$E$65),0)} -> 4 | I68: =J67+1 -> 46573 | J68: =IF(H68=0,I68,I68+H68*7-1) -> 46600 | K68: =ROUNDUP((I68-'01_INPUTS'!$C$7+1)/7,0) -> 47 | L68: =ROUNDUP((J68-'01_INPUTS'!$C$7+1)/7,0) -> 50 | M68: =B68&"|"&F68 -> Site 08|Hypercare
B69: ='Sites Master'!$B$10 -> Site 09 | C69: ='Sites Master'!$A$10 -> Colombia | D69: ='Sites Master'!$C$10 -> 2 | E69: ='01_INPUTS'!$C$8 -> A | F69: {=INDEX('Implementation Phases'!$B$2:$B$9,G69)} -> Site Readiness | G69: =1 -> 1 | H69: {=IFERROR(_xlfn.XLOOKUP(1,('Implementation Phases'!$A$2:$A$65=D69)*('Implementation Phases'!$D$2:$D$65=E69)*('Implementation Phases'!$C$2:$C$65=G69),'Implementation Phases'!$E$2:$E$65),0)} -> 4 | I69: =INDEX($S$5:$S$19,MATCH(B69,$P$5:$P$19,0)) -> 46496 | J69: =IF(H69=0,I69,I69+H69*7-1) -> 46523 | K69: =ROUNDUP((I69-'01_INPUTS'!$C$7+1)/7,0) -> 36 | L69: =ROUNDUP((J69-'01_INPUTS'!$C$7+1)/7,0) -> 39 | M69: =B69&"|"&F69 -> Site 09|Site Readiness
B70: ='Sites Master'!$B$10 -> Site 09 | C70: ='Sites Master'!$A$10 -> Colombia | D70: ='Sites Master'!$C$10 -> 2 | E70: ='01_INPUTS'!$C$8 -> A | F70: {=INDEX('Implementation Phases'!$B$2:$B$9,G70)} -> Design Adaptation | G70: =2 -> 2 | H70: {=IFERROR(_xlfn.XLOOKUP(1,('Implementation Phases'!$A$2:$A$65=D70)*('Implementation Phases'!$D$2:$D$65=E70)*('Implementation Phases'!$C$2:$C$65=G70),'Implementation Phases'!$E$2:$E$65),0)} -> 1 | I70: =J69+1 -> 46524 | J70: =IF(H70=0,I70,I70+H70*7-1) -> 46530 | K70: =ROUNDUP((I70-'01_INPUTS'!$C$7+1)/7,0) -> 40 | L70: =ROUNDUP((J70-'01_INPUTS'!$C$7+1)/7,0) -> 40 | M70: =B70&"|"&F70 -> Site 09|Design Adaptation
B71: ='Sites Master'!$B$10 -> Site 09 | C71: ='Sites Master'!$A$10 -> Colombia | D71: ='Sites Master'!$C$10 -> 2 | E71: ='01_INPUTS'!$C$8 -> A | F71: {=INDEX('Implementation Phases'!$B$2:$B$9,G71)} -> Functional Review | G71: =3 -> 3 | H71: {=IFERROR(_xlfn.XLOOKUP(1,('Implementation Phases'!$A$2:$A$65=D71)*('Implementation Phases'!$D$2:$D$65=E71)*('Implementation Phases'!$C$2:$C$65=G71),'Implementation Phases'!$E$2:$E$65),0)} -> 1 | I71: =J70+1 -> 46531 | J71: =IF(H71=0,I71,I71+H71*7-1) -> 46537 | K71: =ROUNDUP((I71-'01_INPUTS'!$C$7+1)/7,0) -> 41 | L71: =ROUNDUP((J71-'01_INPUTS'!$C$7+1)/7,0) -> 41 | M71: =B71&"|"&F71 -> Site 09|Functional Review
B72: ='Sites Master'!$B$10 -> Site 09 | C72: ='Sites Master'!$A$10 -> Colombia | D72: ='Sites Master'!$C$10 -> 2 | E72: ='01_INPUTS'!$C$8 -> A | F72: {=INDEX('Implementation Phases'!$B$2:$B$9,G72)} -> UAT | G72: =4 -> 4 | H72: {=IFERROR(_xlfn.XLOOKUP(1,('Implementation Phases'!$A$2:$A$65=D72)*('Implementation Phases'!$D$2:$D$65=E72)*('Implementation Phases'!$C$2:$C$65=G72),'Implementation Phases'!$E$2:$E$65),0)} -> 2 | I72: =J71+1 -> 46538 | J72: =IF(H72=0,I72,I72+H72*7-1) -> 46551 | K72: =ROUNDUP((I72-'01_INPUTS'!$C$7+1)/7,0) -> 42 | L72: =ROUNDUP((J72-'01_INPUTS'!$C$7+1)/7,0) -> 43 | M72: =B72&"|"&F72 -> Site 09|UAT
B73: ='Sites Master'!$B$10 -> Site 09 | C73: ='Sites Master'!$A$10 -> Colombia | D73: ='Sites Master'!$C$10 -> 2 | E73: ='01_INPUTS'!$C$8 -> A | F73: {=INDEX('Implementation Phases'!$B$2:$B$9,G73)} -> Training | G73: =5 -> 5 | H73: {=IFERROR(_xlfn.XLOOKUP(1,('Implementation Phases'!$A$2:$A$65=D73)*('Implementation Phases'!$D$2:$D$65=E73)*('Implementation Phases'!$C$2:$C$65=G73),'Implementation Phases'!$E$2:$E$65),0)} -> 2 | I73: =J72+1 -> 46552 | J73: =IF(H73=0,I73,I73+H73*7-1) -> 46565 | K73: =ROUNDUP((I73-'01_INPUTS'!$C$7+1)/7,0) -> 44 | L73: =ROUNDUP((J73-'01_INPUTS'!$C$7+1)/7,0) -> 45 | M73: =B73&"|"&F73 -> Site 09|Training
B74: ='Sites Master'!$B$10 -> Site 09 | C74: ='Sites Master'!$A$10 -> Colombia | D74: ='Sites Master'!$C$10 -> 2 | E74: ='01_INPUTS'!$C$8 -> A | F74: {=INDEX('Implementation Phases'!$B$2:$B$9,G74)} -> DIALT | G74: =6 -> 6 | H74: {=IFERROR(_xlfn.XLOOKUP(1,('Implementation Phases'!$A$2:$A$65=D74)*('Implementation Phases'!$D$2:$D$65=E74)*('Implementation Phases'!$C$2:$C$65=G74),'Implementation Phases'!$E$2:$E$65),0)} -> 1 | I74: =J73+1 -> 46566 | J74: =IF(H74=0,I74,I74+H74*7-1) -> 46572 | K74: =ROUNDUP((I74-'01_INPUTS'!$C$7+1)/7,0) -> 46 | L74: =ROUNDUP((J74-'01_INPUTS'!$C$7+1)/7,0) -> 46 | M74: =B74&"|"&F74 -> Site 09|DIALT
B75: ='Sites Master'!$B$10 -> Site 09 | C75: ='Sites Master'!$A$10 -> Colombia | D75: ='Sites Master'!$C$10 -> 2 | E75: ='01_INPUTS'!$C$8 -> A | F75: {=INDEX('Implementation Phases'!$B$2:$B$9,G75)} -> Go Live | G75: =7 -> 7 | H75: {=IFERROR(_xlfn.XLOOKUP(1,('Implementation Phases'!$A$2:$A$65=D75)*('Implementation Phases'!$D$2:$D$65=E75)*('Implementation Phases'!$C$2:$C$65=G75),'Implementation Phases'!$E$2:$E$65),0)} -> 1 | I75: =J74+1 -> 46573 | J75: =IF(H75=0,I75,I75+H75*7-1) -> 46579 | K75: =ROUNDUP((I75-'01_INPUTS'!$C$7+1)/7,0) -> 47 | L75: =ROUNDUP((J75-'01_INPUTS'!$C$7+1)/7,0) -> 47 | M75: =B75&"|"&F75 -> Site 09|Go Live
B76: ='Sites Master'!$B$10 -> Site 09 | C76: ='Sites Master'!$A$10 -> Colombia | D76: ='Sites Master'!$C$10 -> 2 | E76: ='01_INPUTS'!$C$8 -> A | F76: {=INDEX('Implementation Phases'!$B$2:$B$9,G76)} -> Hypercare | G76: =8 -> 8 | H76: {=IFERROR(_xlfn.XLOOKUP(1,('Implementation Phases'!$A$2:$A$65=D76)*('Implementation Phases'!$D$2:$D$65=E76)*('Implementation Phases'!$C$2:$C$65=G76),'Implementation Phases'!$E$2:$E$65),0)} -> 4 | I76: =J75+1 -> 46580 | J76: =IF(H76=0,I76,I76+H76*7-1) -> 46607 | K76: =ROUNDUP((I76-'01_INPUTS'!$C$7+1)/7,0) -> 48 | L76: =ROUNDUP((J76-'01_INPUTS'!$C$7+1)/7,0) -> 51 | M76: =B76&"|"&F76 -> Site 09|Hypercare
B77: ='Sites Master'!$B$11 -> Site 10 | C77: ='Sites Master'!$A$11 -> Colombia | D77: ='Sites Master'!$C$11 -> 1 | E77: ='01_INPUTS'!$C$8 -> A | F77: {=INDEX('Implementation Phases'!$B$2:$B$9,G77)} -> Site Readiness | G77: =1 -> 1 | H77: {=IFERROR(_xlfn.XLOOKUP(1,('Implementation Phases'!$A$2:$A$65=D77)*('Implementation Phases'!$D$2:$D$65=E77)*('Implementation Phases'!$C$2:$C$65=G77),'Implementation Phases'!$E$2:$E$65),0)} -> 5 | I77: =INDEX($S$5:$S$19,MATCH(B77,$P$5:$P$19,0)) -> 46587 | J77: =IF(H77=0,I77,I77+H77*7-1) -> 46621 | K77: =ROUNDUP((I77-'01_INPUTS'!$C$7+1)/7,0) -> 49 | L77: =ROUNDUP((J77-'01_INPUTS'!$C$7+1)/7,0) -> 53 | M77: =B77&"|"&F77 -> Site 10|Site Readiness
B78: ='Sites Master'!$B$11 -> Site 10 | C78: ='Sites Master'!$A$11 -> Colombia | D78: ='Sites Master'!$C$11 -> 1 | E78: ='01_INPUTS'!$C$8 -> A | F78: {=INDEX('Implementation Phases'!$B$2:$B$9,G78)} -> Design Adaptation | G78: =2 -> 2 | H78: {=IFERROR(_xlfn.XLOOKUP(1,('Implementation Phases'!$A$2:$A$65=D78)*('Implementation Phases'!$D$2:$D$65=E78)*('Implementation Phases'!$C$2:$C$65=G78),'Implementation Phases'!$E$2:$E$65),0)} -> 2 | I78: =J77+1 -> 46622 | J78: =IF(H78=0,I78,I78+H78*7-1) -> 46635 | K78: =ROUNDUP((I78-'01_INPUTS'!$C$7+1)/7,0) -> 54 | L78: =ROUNDUP((J78-'01_INPUTS'!$C$7+1)/7,0) -> 55 | M78: =B78&"|"&F78 -> Site 10|Design Adaptation
B79: ='Sites Master'!$B$11 -> Site 10 | C79: ='Sites Master'!$A$11 -> Colombia | D79: ='Sites Master'!$C$11 -> 1 | E79: ='01_INPUTS'!$C$8 -> A | F79: {=INDEX('Implementation Phases'!$B$2:$B$9,G79)} -> Functional Review | G79: =3 -> 3 | H79: {=IFERROR(_xlfn.XLOOKUP(1,('Implementation Phases'!$A$2:$A$65=D79)*('Implementation Phases'!$D$2:$D$65=E79)*('Implementation Phases'!$C$2:$C$65=G79),'Implementation Phases'!$E$2:$E$65),0)} -> 1 | I79: =J78+1 -> 46636 | J79: =IF(H79=0,I79,I79+H79*7-1) -> 46642 | K79: =ROUNDUP((I79-'01_INPUTS'!$C$7+1)/7,0) -> 56 | L79: =ROUNDUP((J79-'01_INPUTS'!$C$7+1)/7,0) -> 56 | M79: =B79&"|"&F79 -> Site 10|Functional Review
B80: ='Sites Master'!$B$11 -> Site 10 | C80: ='Sites Master'!$A$11 -> Colombia | D80: ='Sites Master'!$C$11 -> 1 | E80: ='01_INPUTS'!$C$8 -> A | F80: {=INDEX('Implementation Phases'!$B$2:$B$9,G80)} -> UAT | G80: =4 -> 4 | H80: {=IFERROR(_xlfn.XLOOKUP(1,('Implementation Phases'!$A$2:$A$65=D80)*('Implementation Phases'!$D$2:$D$65=E80)*('Implementation Phases'!$C$2:$C$65=G80),'Implementation Phases'!$E$2:$E$65),0)} -> 2 | I80: =J79+1 -> 46643 | J80: =IF(H80=0,I80,I80+H80*7-1) -> 46656 | K80: =ROUNDUP((I80-'01_INPUTS'!$C$7+1)/7,0) -> 57 | L80: =ROUNDUP((J80-'01_INPUTS'!$C$7+1)/7,0) -> 58 | M80: =B80&"|"&F80 -> Site 10|UAT
B81: ='Sites Master'!$B$11 -> Site 10 | C81: ='Sites Master'!$A$11 -> Colombia | D81: ='Sites Master'!$C$11 -> 1 | E81: ='01_INPUTS'!$C$8 -> A | F81: {=INDEX('Implementation Phases'!$B$2:$B$9,G81)} -> Training | G81: =5 -> 5 | H81: {=IFERROR(_xlfn.XLOOKUP(1,('Implementation Phases'!$A$2:$A$65=D81)*('Implementation Phases'!$D$2:$D$65=E81)*('Implementation Phases'!$C$2:$C$65=G81),'Implementation Phases'!$E$2:$E$65),0)} -> 3 | I81: =J80+1 -> 46657 | J81: =IF(H81=0,I81,I81+H81*7-1) -> 46677 | K81: =ROUNDUP((I81-'01_INPUTS'!$C$7+1)/7,0) -> 59 | L81: =ROUNDUP((J81-'01_INPUTS'!$C$7+1)/7,0) -> 61 | M81: =B81&"|"&F81 -> Site 10|Training
B82: ='Sites Master'!$B$11 -> Site 10 | C82: ='Sites Master'!$A$11 -> Colombia | D82: ='Sites Master'!$C$11 -> 1 | E82: ='01_INPUTS'!$C$8 -> A | F82: {=INDEX('Implementation Phases'!$B$2:$B$9,G82)} -> DIALT | G82: =6 -> 6 | H82: {=IFERROR(_xlfn.XLOOKUP(1,('Implementation Phases'!$A$2:$A$65=D82)*('Implementation Phases'!$D$2:$D$65=E82)*('Implementation Phases'!$C$2:$C$65=G82),'Implementation Phases'!$E$2:$E$65),0)} -> 1 | I82: =J81+1 -> 46678 | J82: =IF(H82=0,I82,I82+H82*7-1) -> 46684 | K82: =ROUNDUP((I82-'01_INPUTS'!$C$7+1)/7,0) -> 62 | L82: =ROUNDUP((J82-'01_INPUTS'!$C$7+1)/7,0) -> 62 | M82: =B82&"|"&F82 -> Site 10|DIALT
B83: ='Sites Master'!$B$11 -> Site 10 | C83: ='Sites Master'!$A$11 -> Colombia | D83: ='Sites Master'!$C$11 -> 1 | E83: ='01_INPUTS'!$C$8 -> A | F83: {=INDEX('Implementation Phases'!$B$2:$B$9,G83)} -> Go Live | G83: =7 -> 7 | H83: {=IFERROR(_xlfn.XLOOKUP(1,('Implementation Phases'!$A$2:$A$65=D83)*('Implementation Phases'!$D$2:$D$65=E83)*('Implementation Phases'!$C$2:$C$65=G83),'Implementation Phases'!$E$2:$E$65),0)} -> 1 | I83: =J82+1 -> 46685 | J83: =IF(H83=0,I83,I83+H83*7-1) -> 46691 | K83: =ROUNDUP((I83-'01_INPUTS'!$C$7+1)/7,0) -> 63 | L83: =ROUNDUP((J83-'01_INPUTS'!$C$7+1)/7,0) -> 63 | M83: =B83&"|"&F83 -> Site 10|Go Live
B84: ='Sites Master'!$B$11 -> Site 10 | C84: ='Sites Master'!$A$11 -> Colombia | D84: ='Sites Master'!$C$11 -> 1 | E84: ='01_INPUTS'!$C$8 -> A | F84: {=INDEX('Implementation Phases'!$B$2:$B$9,G84)} -> Hypercare | G84: =8 -> 8 | H84: {=IFERROR(_xlfn.XLOOKUP(1,('Implementation Phases'!$A$2:$A$65=D84)*('Implementation Phases'!$D$2:$D$65=E84)*('Implementation Phases'!$C$2:$C$65=G84),'Implementation Phases'!$E$2:$E$65),0)} -> 4 | I84: =J83+1 -> 46692 | J84: =IF(H84=0,I84,I84+H84*7-1) -> 46719 | K84: =ROUNDUP((I84-'01_INPUTS'!$C$7+1)/7,0) -> 64 | L84: =ROUNDUP((J84-'01_INPUTS'!$C$7+1)/7,0) -> 67 | M84: =B84&"|"&F84 -> Site 10|Hypercare
B85: ='Sites Master'!$B$12 -> Site 11 | C85: ='Sites Master'!$A$12 -> Colombia | D85: ='Sites Master'!$C$12 -> 3 | E85: ='01_INPUTS'!$C$8 -> A | F85: {=INDEX('Implementation Phases'!$B$2:$B$9,G85)} -> Site Readiness | G85: =1 -> 1 | H85: {=IFERROR(_xlfn.XLOOKUP(1,('Implementation Phases'!$A$2:$A$65=D85)*('Implementation Phases'!$D$2:$D$65=E85)*('Implementation Phases'!$C$2:$C$65=G85),'Implementation Phases'!$E$2:$E$65),0)} -> 4 | I85: =INDEX($S$5:$S$19,MATCH(B85,$P$5:$P$19,0)) -> 46601 | J85: =IF(H85=0,I85,I85+H85*7-1) -> 46628 | K85: =ROUNDUP((I85-'01_INPUTS'!$C$7+1)/7,0) -> 51 | L85: =ROUNDUP((J85-'01_INPUTS'!$C$7+1)/7,0) -> 54 | M85: =B85&"|"&F85 -> Site 11|Site Readiness
B86: ='Sites Master'!$B$12 -> Site 11 | C86: ='Sites Master'!$A$12 -> Colombia | D86: ='Sites Master'!$C$12 -> 3 | E86: ='01_INPUTS'!$C$8 -> A | F86: {=INDEX('Implementation Phases'!$B$2:$B$9,G86)} -> Design Adaptation | G86: =2 -> 2 | H86: {=IFERROR(_xlfn.XLOOKUP(1,('Implementation Phases'!$A$2:$A$65=D86)*('Implementation Phases'!$D$2:$D$65=E86)*('Implementation Phases'!$C$2:$C$65=G86),'Implementation Phases'!$E$2:$E$65),0)} -> 1 | I86: =J85+1 -> 46629 | J86: =IF(H86=0,I86,I86+H86*7-1) -> 46635 | K86: =ROUNDUP((I86-'01_INPUTS'!$C$7+1)/7,0) -> 55 | L86: =ROUNDUP((J86-'01_INPUTS'!$C$7+1)/7,0) -> 55 | M86: =B86&"|"&F86 -> Site 11|Design Adaptation
B87: ='Sites Master'!$B$12 -> Site 11 | C87: ='Sites Master'!$A$12 -> Colombia | D87: ='Sites Master'!$C$12 -> 3 | E87: ='01_INPUTS'!$C$8 -> A | F87: {=INDEX('Implementation Phases'!$B$2:$B$9,G87)} -> Functional Review | G87: =3 -> 3 | H87: {=IFERROR(_xlfn.XLOOKUP(1,('Implementation Phases'!$A$2:$A$65=D87)*('Implementation Phases'!$D$2:$D$65=E87)*('Implementation Phases'!$C$2:$C$65=G87),'Implementation Phases'!$E$2:$E$65),0)} -> 1 | I87: =J86+1 -> 46636 | J87: =IF(H87=0,I87,I87+H87*7-1) -> 46642 | K87: =ROUNDUP((I87-'01_INPUTS'!$C$7+1)/7,0) -> 56 | L87: =ROUNDUP((J87-'01_INPUTS'!$C$7+1)/7,0) -> 56 | M87: =B87&"|"&F87 -> Site 11|Functional Review
B88: ='Sites Master'!$B$12 -> Site 11 | C88: ='Sites Master'!$A$12 -> Colombia | D88: ='Sites Master'!$C$12 -> 3 | E88: ='01_INPUTS'!$C$8 -> A | F88: {=INDEX('Implementation Phases'!$B$2:$B$9,G88)} -> UAT | G88: =4 -> 4 | H88: {=IFERROR(_xlfn.XLOOKUP(1,('Implementation Phases'!$A$2:$A$65=D88)*('Implementation Phases'!$D$2:$D$65=E88)*('Implementation Phases'!$C$2:$C$65=G88),'Implementation Phases'!$E$2:$E$65),0)} -> 1 | I88: =J87+1 -> 46643 | J88: =IF(H88=0,I88,I88+H88*7-1) -> 46649 | K88: =ROUNDUP((I88-'01_INPUTS'!$C$7+1)/7,0) -> 57 | L88: =ROUNDUP((J88-'01_INPUTS'!$C$7+1)/7,0) -> 57 | M88: =B88&"|"&F88 -> Site 11|UAT
B89: ='Sites Master'!$B$12 -> Site 11 | C89: ='Sites Master'!$A$12 -> Colombia | D89: ='Sites Master'!$C$12 -> 3 | E89: ='01_INPUTS'!$C$8 -> A | F89: {=INDEX('Implementation Phases'!$B$2:$B$9,G89)} -> Training | G89: =5 -> 5 | H89: {=IFERROR(_xlfn.XLOOKUP(1,('Implementation Phases'!$A$2:$A$65=D89)*('Implementation Phases'!$D$2:$D$65=E89)*('Implementation Phases'!$C$2:$C$65=G89),'Implementation Phases'!$E$2:$E$65),0)} -> 2 | I89: =J88+1 -> 46650 | J89: =IF(H89=0,I89,I89+H89*7-1) -> 46663 | K89: =ROUNDUP((I89-'01_INPUTS'!$C$7+1)/7,0) -> 58 | L89: =ROUNDUP((J89-'01_INPUTS'!$C$7+1)/7,0) -> 59 | M89: =B89&"|"&F89 -> Site 11|Training
B90: ='Sites Master'!$B$12 -> Site 11 | C90: ='Sites Master'!$A$12 -> Colombia | D90: ='Sites Master'!$C$12 -> 3 | E90: ='01_INPUTS'!$C$8 -> A | F90: {=INDEX('Implementation Phases'!$B$2:$B$9,G90)} -> DIALT | G90: =6 -> 6 | H90: {=IFERROR(_xlfn.XLOOKUP(1,('Implementation Phases'!$A$2:$A$65=D90)*('Implementation Phases'!$D$2:$D$65=E90)*('Implementation Phases'!$C$2:$C$65=G90),'Implementation Phases'!$E$2:$E$65),0)} -> 1 | I90: =J89+1 -> 46664 | J90: =IF(H90=0,I90,I90+H90*7-1) -> 46670 | K90: =ROUNDUP((I90-'01_INPUTS'!$C$7+1)/7,0) -> 60 | L90: =ROUNDUP((J90-'01_INPUTS'!$C$7+1)/7,0) -> 60 | M90: =B90&"|"&F90 -> Site 11|DIALT
B91: ='Sites Master'!$B$12 -> Site 11 | C91: ='Sites Master'!$A$12 -> Colombia | D91: ='Sites Master'!$C$12 -> 3 | E91: ='01_INPUTS'!$C$8 -> A | F91: {=INDEX('Implementation Phases'!$B$2:$B$9,G91)} -> Go Live | G91: =7 -> 7 | H91: {=IFERROR(_xlfn.XLOOKUP(1,('Implementation Phases'!$A$2:$A$65=D91)*('Implementation Phases'!$D$2:$D$65=E91)*('Implementation Phases'!$C$2:$C$65=G91),'Implementation Phases'!$E$2:$E$65),0)} -> 1 | I91: =J90+1 -> 46671 | J91: =IF(H91=0,I91,I91+H91*7-1) -> 46677 | K91: =ROUNDUP((I91-'01_INPUTS'!$C$7+1)/7,0) -> 61 | L91: =ROUNDUP((J91-'01_INPUTS'!$C$7+1)/7,0) -> 61 | M91: =B91&"|"&F91 -> Site 11|Go Live
B92: ='Sites Master'!$B$12 -> Site 11 | C92: ='Sites Master'!$A$12 -> Colombia | D92: ='Sites Master'!$C$12 -> 3 | E92: ='01_INPUTS'!$C$8 -> A | F92: {=INDEX('Implementation Phases'!$B$2:$B$9,G92)} -> Hypercare | G92: =8 -> 8 | H92: {=IFERROR(_xlfn.XLOOKUP(1,('Implementation Phases'!$A$2:$A$65=D92)*('Implementation Phases'!$D$2:$D$65=E92)*('Implementation Phases'!$C$2:$C$65=G92),'Implementation Phases'!$E$2:$E$65),0)} -> 4 | I92: =J91+1 -> 46678 | J92: =IF(H92=0,I92,I92+H92*7-1) -> 46705 | K92: =ROUNDUP((I92-'01_INPUTS'!$C$7+1)/7,0) -> 62 | L92: =ROUNDUP((J92-'01_INPUTS'!$C$7+1)/7,0) -> 65 | M92: =B92&"|"&F92 -> Site 11|Hypercare
B93: ='Sites Master'!$B$13 -> Site 12 | C93: ='Sites Master'!$A$13 -> Colombia | D93: ='Sites Master'!$C$13 -> 4 | E93: ='01_INPUTS'!$C$8 -> A | F93: {=INDEX('Implementation Phases'!$B$2:$B$9,G93)} -> Site Readiness | G93: =1 -> 1 | H93: {=IFERROR(_xlfn.XLOOKUP(1,('Implementation Phases'!$A$2:$A$65=D93)*('Implementation Phases'!$D$2:$D$65=E93)*('Implementation Phases'!$C$2:$C$65=G93),'Implementation Phases'!$E$2:$E$65),0)} -> 2 | I93: =INDEX($S$5:$S$19,MATCH(B93,$P$5:$P$19,0)) -> 46608 | J93: =IF(H93=0,I93,I93+H93*7-1) -> 46621 | K93: =ROUNDUP((I93-'01_INPUTS'!$C$7+1)/7,0) -> 52 | L93: =ROUNDUP((J93-'01_INPUTS'!$C$7+1)/7,0) -> 53 | M93: =B93&"|"&F93 -> Site 12|Site Readiness
B94: ='Sites Master'!$B$13 -> Site 12 | C94: ='Sites Master'!$A$13 -> Colombia | D94: ='Sites Master'!$C$13 -> 4 | E94: ='01_INPUTS'!$C$8 -> A | F94: {=INDEX('Implementation Phases'!$B$2:$B$9,G94)} -> Design Adaptation | G94: =2 -> 2 | H94: {=IFERROR(_xlfn.XLOOKUP(1,('Implementation Phases'!$A$2:$A$65=D94)*('Implementation Phases'!$D$2:$D$65=E94)*('Implementation Phases'!$C$2:$C$65=G94),'Implementation Phases'!$E$2:$E$65),0)} -> 0 | I94: =J93+1 -> 46622 | J94: =IF(H94=0,I94,I94+H94*7-1) -> 46622 | K94: =ROUNDUP((I94-'01_INPUTS'!$C$7+1)/7,0) -> 54 | L94: =ROUNDUP((J94-'01_INPUTS'!$C$7+1)/7,0) -> 54 | M94: =B94&"|"&F94 -> Site 12|Design Adaptation
B95: ='Sites Master'!$B$13 -> Site 12 | C95: ='Sites Master'!$A$13 -> Colombia | D95: ='Sites Master'!$C$13 -> 4 | E95: ='01_INPUTS'!$C$8 -> A | F95: {=INDEX('Implementation Phases'!$B$2:$B$9,G95)} -> Functional Review | G95: =3 -> 3 | H95: {=IFERROR(_xlfn.XLOOKUP(1,('Implementation Phases'!$A$2:$A$65=D95)*('Implementation Phases'!$D$2:$D$65=E95)*('Implementation Phases'!$C$2:$C$65=G95),'Implementation Phases'!$E$2:$E$65),0)} -> 1 | I95: =J94+1 -> 46623 | J95: =IF(H95=0,I95,I95+H95*7-1) -> 46629 | K95: =ROUNDUP((I95-'01_INPUTS'!$C$7+1)/7,0) -> 54 | L95: =ROUNDUP((J95-'01_INPUTS'!$C$7+1)/7,0) -> 55 | M95: =B95&"|"&F95 -> Site 12|Functional Review
B96: ='Sites Master'!$B$13 -> Site 12 | C96: ='Sites Master'!$A$13 -> Colombia | D96: ='Sites Master'!$C$13 -> 4 | E96: ='01_INPUTS'!$C$8 -> A | F96: {=INDEX('Implementation Phases'!$B$2:$B$9,G96)} -> UAT | G96: =4 -> 4 | H96: {=IFERROR(_xlfn.XLOOKUP(1,('Implementation Phases'!$A$2:$A$65=D96)*('Implementation Phases'!$D$2:$D$65=E96)*('Implementation Phases'!$C$2:$C$65=G96),'Implementation Phases'!$E$2:$E$65),0)} -> 1 | I96: =J95+1 -> 46630 | J96: =IF(H96=0,I96,I96+H96*7-1) -> 46636 | K96: =ROUNDUP((I96-'01_INPUTS'!$C$7+1)/7,0) -> 55 | L96: =ROUNDUP((J96-'01_INPUTS'!$C$7+1)/7,0) -> 56 | M96: =B96&"|"&F96 -> Site 12|UAT
B97: ='Sites Master'!$B$13 -> Site 12 | C97: ='Sites Master'!$A$13 -> Colombia | D97: ='Sites Master'!$C$13 -> 4 | E97: ='01_INPUTS'!$C$8 -> A | F97: {=INDEX('Implementation Phases'!$B$2:$B$9,G97)} -> Training | G97: =5 -> 5 | H97: {=IFERROR(_xlfn.XLOOKUP(1,('Implementation Phases'!$A$2:$A$65=D97)*('Implementation Phases'!$D$2:$D$65=E97)*('Implementation Phases'!$C$2:$C$65=G97),'Implementation Phases'!$E$2:$E$65),0)} -> 1 | I97: =J96+1 -> 46637 | J97: =IF(H97=0,I97,I97+H97*7-1) -> 46643 | K97: =ROUNDUP((I97-'01_INPUTS'!$C$7+1)/7,0) -> 56 | L97: =ROUNDUP((J97-'01_INPUTS'!$C$7+1)/7,0) -> 57 | M97: =B97&"|"&F97 -> Site 12|Training
B98: ='Sites Master'!$B$13 -> Site 12 | C98: ='Sites Master'!$A$13 -> Colombia | D98: ='Sites Master'!$C$13 -> 4 | E98: ='01_INPUTS'!$C$8 -> A | F98: {=INDEX('Implementation Phases'!$B$2:$B$9,G98)} -> DIALT | G98: =6 -> 6 | H98: {=IFERROR(_xlfn.XLOOKUP(1,('Implementation Phases'!$A$2:$A$65=D98)*('Implementation Phases'!$D$2:$D$65=E98)*('Implementation Phases'!$C$2:$C$65=G98),'Implementation Phases'!$E$2:$E$65),0)} -> 1 | I98: =J97+1 -> 46644 | J98: =IF(H98=0,I98,I98+H98*7-1) -> 46650 | K98: =ROUNDUP((I98-'01_INPUTS'!$C$7+1)/7,0) -> 57 | L98: =ROUNDUP((J98-'01_INPUTS'!$C$7+1)/7,0) -> 58 | M98: =B98&"|"&F98 -> Site 12|DIALT
B99: ='Sites Master'!$B$13 -> Site 12 | C99: ='Sites Master'!$A$13 -> Colombia | D99: ='Sites Master'!$C$13 -> 4 | E99: ='01_INPUTS'!$C$8 -> A | F99: {=INDEX('Implementation Phases'!$B$2:$B$9,G99)} -> Go Live | G99: =7 -> 7 | H99: {=IFERROR(_xlfn.XLOOKUP(1,('Implementation Phases'!$A$2:$A$65=D99)*('Implementation Phases'!$D$2:$D$65=E99)*('Implementation Phases'!$C$2:$C$65=G99),'Implementation Phases'!$E$2:$E$65),0)} -> 1 | I99: =J98+1 -> 46651 | J99: =IF(H99=0,I99,I99+H99*7-1) -> 46657 | K99: =ROUNDUP((I99-'01_INPUTS'!$C$7+1)/7,0) -> 58 | L99: =ROUNDUP((J99-'01_INPUTS'!$C$7+1)/7,0) -> 59 | M99: =B99&"|"&F99 -> Site 12|Go Live
B100: ='Sites Master'!$B$13 -> Site 12 | C100: ='Sites Master'!$A$13 -> Colombia | D100: ='Sites Master'!$C$13 -> 4 | E100: ='01_INPUTS'!$C$8 -> A | F100: {=INDEX('Implementation Phases'!$B$2:$B$9,G100)} -> Hypercare | G100: =8 -> 8 | H100: {=IFERROR(_xlfn.XLOOKUP(1,('Implementation Phases'!$A$2:$A$65=D100)*('Implementation Phases'!$D$2:$D$65=E100)*('Implementation Phases'!$C$2:$C$65=G100),'Implementation Phases'!$E$2:$E$65),0)} -> 3 | I100: =J99+1 -> 46658 | J100: =IF(H100=0,I100,I100+H100*7-1) -> 46678 | K100: =ROUNDUP((I100-'01_INPUTS'!$C$7+1)/7,0) -> 59 | L100: =ROUNDUP((J100-'01_INPUTS'!$C$7+1)/7,0) -> 62 | M100: =B100&"|"&F100 -> Site 12|Hypercare
B101: ='Sites Master'!$B$14 -> Site 13 | C101: ='Sites Master'!$A$14 -> Colombia | D101: ='Sites Master'!$C$14 -> 1 | E101: ='01_INPUTS'!$C$8 -> A | F101: {=INDEX('Implementation Phases'!$B$2:$B$9,G101)} -> Site Readiness | G101: =1 -> 1 | H101: {=IFERROR(_xlfn.XLOOKUP(1,('Implementation Phases'!$A$2:$A$65=D101)*('Implementation Phases'!$D$2:$D$65=E101)*('Implementation Phases'!$C$2:$C$65=G101),'Implementation Phases'!$E$2:$E$65),0)} -> 5 | I101: =INDEX($S$5:$S$19,MATCH(B101,$P$5:$P$19,0)) -> 46720 | J101: =IF(H101=0,I101,I101+H101*7-1) -> 46754 | K101: =ROUNDUP((I101-'01_INPUTS'!$C$7+1)/7,0) -> 68 | L101: =ROUNDUP((J101-'01_INPUTS'!$C$7+1)/7,0) -> 72 | M101: =B101&"|"&F101 -> Site 13|Site Readiness
...

Sheet 03_RESOURCES
AA1: ZONA DE CALCULO: detalle Site x Fase x Rol (join Schedule + Phase-Resource Allocation) - no editar
B2: SIMULADOR WMS - 03_RESOURCES (capacidad vs demanda de recursos) | AA2: Site | AB2: Fase | AC2: Rol | AD2: Consumo (capacidad) | AE2: Semana Inicio | AF2: Semana Fin | AG2: Recurso-semanas
AA3: ='Sites Master'!$B$2 -> Site 01 | AB3: ='Phase-Resource Allocation'!$B$64 -> Site Readiness | AC3: ='Phase-Resource Allocation'!$C$64 -> Infrastructure Lead | AD3: ='Phase-Resource Allocation'!$D$64 -> 1 | AE3: =IFERROR(INDEX('02_SCHEDULE'!$K$5:$K$124,MATCH(AA3&"|"&AB3,'02_SCHEDULE'!$M$5:$M$124,0)),0) -> 1 | AF3: =IFERROR(INDEX('02_SCHEDULE'!$L$5:$L$124,MATCH(AA3&"|"&AB3,'02_SCHEDULE'!$M$5:$M$124,0)),0) -> 4 | AG3: =AD3*(AF3-AE3+1) -> 4
B4: DISPONIBILIDAD POR ROL (fuente: 01_INPUTS) | AA4: ='Sites Master'!$B$2 -> Site 01 | AB4: ='Phase-Resource Allocation'!$B$65 -> Site Readiness | AC4: ='Phase-Resource Allocation'!$C$65 -> SAP Integrations Lead | AD4: ='Phase-Resource Allocation'!$D$65 -> 0.5 | AE4: =IFERROR(INDEX('02_SCHEDULE'!$K$5:$K$124,MATCH(AA4&"|"&AB4,'02_SCHEDULE'!$M$5:$M$124,0)),0) -> 1 | AF4: =IFERROR(INDEX('02_SCHEDULE'!$L$5:$L$124,MATCH(AA4&"|"&AB4,'02_SCHEDULE'!$M$5:$M$124,0)),0) -> 4 | AG4: =AD4*(AF4-AE4+1) -> 2
B5: Rol | C5: Disponible (usado) | AA5: ='Sites Master'!$B$2 -> Site 01 | AB5: ='Phase-Resource Allocation'!$B$66 -> Design Adaptation | AC5: ='Phase-Resource Allocation'!$C$66 -> Solution Architect | AD5: ='Phase-Resource Allocation'!$D$66 -> 1 | AE5: =IFERROR(INDEX('02_SCHEDULE'!$K$5:$K$124,MATCH(AA5&"|"&AB5,'02_SCHEDULE'!$M$5:$M$124,0)),0) -> 5 | AF5: =IFERROR(INDEX('02_SCHEDULE'!$L$5:$L$124,MATCH(AA5&"|"&AB5,'02_SCHEDULE'!$M$5:$M$124,0)),0) -> 5 | AG5: =AD5*(AF5-AE5+1) -> 1
B6: ='01_INPUTS'!$B$17 -> Solution Architect | C6: ='01_INPUTS'!$E$17 -> 1 | AA6: ='Sites Master'!$B$2 -> Site 01 | AB6: ='Phase-Resource Allocation'!$B$67 -> Design Adaptation | AC6: ='Phase-Resource Allocation'!$C$67 -> SAP Integrations Lead | AD6: ='Phase-Resource Allocation'!$D$67 -> 0.5 | AE6: =IFERROR(INDEX('02_SCHEDULE'!$K$5:$K$124,MATCH(AA6&"|"&AB6,'02_SCHEDULE'!$M$5:$M$124,0)),0) -> 5 | AF6: =IFERROR(INDEX('02_SCHEDULE'!$L$5:$L$124,MATCH(AA6&"|"&AB6,'02_SCHEDULE'!$M$5:$M$124,0)),0) -> 5 | AG6: =AD6*(AF6-AE6+1) -> 0.5
B7: ='01_INPUTS'!$B$18 -> Warehouse Manager Org A | C7: ='01_INPUTS'!$E$18 -> 1 | AA7: ='Sites Master'!$B$2 -> Site 01 | AB7: ='Phase-Resource Allocation'!$B$68 -> Design Adaptation | AC7: ='Phase-Resource Allocation'!$C$68 -> SAP Integrations Specialist | AD7: ='Phase-Resource Allocation'!$D$68 -> 0.5 | AE7: =IFERROR(INDEX('02_SCHEDULE'!$K$5:$K$124,MATCH(AA7&"|"&AB7,'02_SCHEDULE'!$M$5:$M$124,0)),0) -> 5 | AF7: =IFERROR(INDEX('02_SCHEDULE'!$L$5:$L$124,MATCH(AA7&"|"&AB7,'02_SCHEDULE'!$M$5:$M$124,0)),0) -> 5 | AG7: =AD7*(AF7-AE7+1) -> 0.5
B8: ='01_INPUTS'!$B$19 -> Project Manager Country B | C8: ='01_INPUTS'!$E$19 -> 1 | AA8: ='Sites Master'!$B$2 -> Site 01 | AB8: ='Phase-Resource Allocation'!$B$69 -> Design Adaptation | AC8: ='Phase-Resource Allocation'!$C$69 -> Azure Lead | AD8: ='Phase-Resource Allocation'!$D$69 -> 0.5 | AE8: =IFERROR(INDEX('02_SCHEDULE'!$K$5:$K$124,MATCH(AA8&"|"&AB8,'02_SCHEDULE'!$M$5:$M$124,0)),0) -> 5 | AF8: =IFERROR(INDEX('02_SCHEDULE'!$L$5:$L$124,MATCH(AA8&"|"&AB8,'02_SCHEDULE'!$M$5:$M$124,0)),0) -> 5 | AG8: =AD8*(AF8-AE8+1) -> 0.5
B9: ='01_INPUTS'!$B$20 -> Project Manager Country A | C9: ='01_INPUTS'!$E$20 -> 1 | AA9: ='Sites Master'!$B$2 -> Site 01 | AB9: ='Phase-Resource Allocation'!$B$70 -> Design Adaptation | AC9: ='Phase-Resource Allocation'!$C$70 -> Azure Specialist | AD9: ='Phase-Resource Allocation'!$D$70 -> 0.5 | AE9: =IFERROR(INDEX('02_SCHEDULE'!$K$5:$K$124,MATCH(AA9&"|"&AB9,'02_SCHEDULE'!$M$5:$M$124,0)),0) -> 5 | AF9: =IFERROR(INDEX('02_SCHEDULE'!$L$5:$L$124,MATCH(AA9&"|"&AB9,'02_SCHEDULE'!$M$5:$M$124,0)),0) -> 5 | AG9: =AD9*(AF9-AE9+1) -> 0.5
B10: ='01_INPUTS'!$B$21 -> Change Management Lead | C10: ='01_INPUTS'!$E$21 -> 2 | AA10: ='Sites Master'!$B$2 -> Site 01 | AB10: ='Phase-Resource Allocation'!$B$71 -> Design Adaptation | AC10: ='Phase-Resource Allocation'!$C$71 -> Testing Lead | AD10: ='Phase-Resource Allocation'!$D$71 -> 1 | AE10: =IFERROR(INDEX('02_SCHEDULE'!$K$5:$K$124,MATCH(AA10&"|"&AB10,'02_SCHEDULE'!$M$5:$M$124,0)),0) -> 5 | AF10: =IFERROR(INDEX('02_SCHEDULE'!$L$5:$L$124,MATCH(AA10&"|"&AB10,'02_SCHEDULE'!$M$5:$M$124,0)),0) -> 5 | AG10: =AD10*(AF10-AE10+1) -> 1
B11: ='01_INPUTS'!$B$22 -> Infrastructure Lead | C11: ='01_INPUTS'!$E$22 -> 2 | AA11: ='Sites Master'!$B$2 -> Site 01 | AB11: ='Phase-Resource Allocation'!$B$72 -> Design Adaptation | AC11: ='Phase-Resource Allocation'!$C$72 -> Functional Lead | AD11: ='Phase-Resource Allocation'!$D$72 -> 1 | AE11: =IFERROR(INDEX('02_SCHEDULE'!$K$5:$K$124,MATCH(AA11&"|"&AB11,'02_SCHEDULE'!$M$5:$M$124,0)),0) -> 5 | AF11: =IFERROR(INDEX('02_SCHEDULE'!$L$5:$L$124,MATCH(AA11&"|"&AB11,'02_SCHEDULE'!$M$5:$M$124,0)),0) -> 5 | AG11: =AD11*(AF11-AE11+1) -> 1
B12: ='01_INPUTS'!$B$23 -> Functional Lead | C12: ='01_INPUTS'!$E$23 -> 2 | AA12: ='Sites Master'!$B$2 -> Site 01 | AB12: ='Phase-Resource Allocation'!$B$73 -> Design Adaptation | AC12: ='Phase-Resource Allocation'!$C$73 -> Trainers | AD12: ='Phase-Resource Allocation'!$D$73 -> 1 | AE12: =IFERROR(INDEX('02_SCHEDULE'!$K$5:$K$124,MATCH(AA12&"|"&AB12,'02_SCHEDULE'!$M$5:$M$124,0)),0) -> 5 | AF12: =IFERROR(INDEX('02_SCHEDULE'!$L$5:$L$124,MATCH(AA12&"|"&AB12,'02_SCHEDULE'!$M$5:$M$124,0)),0) -> 5 | AG12: =AD12*(AF12-AE12+1) -> 1
B13: ='01_INPUTS'!$B$24 -> SAP Integrations Lead | C13: ='01_INPUTS'!$E$24 -> 1 | AA13: ='Sites Master'!$B$2 -> Site 01 | AB13: ='Phase-Resource Allocation'!$B$74 -> Design Adaptation | AC13: ='Phase-Resource Allocation'!$C$74 -> Infrastructure Lead | AD13: ='Phase-Resource Allocation'!$D$74 -> 1 | AE13: =IFERROR(INDEX('02_SCHEDULE'!$K$5:$K$124,MATCH(AA13&"|"&AB13,'02_SCHEDULE'!$M$5:$M$124,0)),0) -> 5 | AF13: =IFERROR(INDEX('02_SCHEDULE'!$L$5:$L$124,MATCH(AA13&"|"&AB13,'02_SCHEDULE'!$M$5:$M$124,0)),0) -> 5 | AG13: =AD13*(AF13-AE13+1) -> 1
B14: ='01_INPUTS'!$B$25 -> SAP Integrations Specialist | C14: ='01_INPUTS'!$E$25 -> 1 | AA14: ='Sites Master'!$B$2 -> Site 01 | AB14: ='Phase-Resource Allocation'!$B$75 -> Design Adaptation | AC14: ='Phase-Resource Allocation'!$C$75 -> Functional Lead Vendor A | AD14: ='Phase-Resource Allocation'!$D$75 -> 1 | AE14: =IFERROR(INDEX('02_SCHEDULE'!$K$5:$K$124,MATCH(AA14&"|"&AB14,'02_SCHEDULE'!$M$5:$M$124,0)),0) -> 5 | AF14: =IFERROR(INDEX('02_SCHEDULE'!$L$5:$L$124,MATCH(AA14&"|"&AB14,'02_SCHEDULE'!$M$5:$M$124,0)),0) -> 5 | AG14: =AD14*(AF14-AE14+1) -> 1
B15: ='01_INPUTS'!$B$26 -> Azure Lead | C15: ='01_INPUTS'!$E$26 -> 1 | AA15: ='Sites Master'!$B$2 -> Site 01 | AB15: ='Phase-Resource Allocation'!$B$76 -> Functional Review | AC15: ='Phase-Resource Allocation'!$C$76 -> Solution Architect | AD15: ='Phase-Resource Allocation'!$D$76 -> 0.5 | AE15: =IFERROR(INDEX('02_SCHEDULE'!$K$5:$K$124,MATCH(AA15&"|"&AB15,'02_SCHEDULE'!$M$5:$M$124,0)),0) -> 6 | AF15: =IFERROR(INDEX('02_SCHEDULE'!$L$5:$L$124,MATCH(AA15&"|"&AB15,'02_SCHEDULE'!$M$5:$M$124,0)),0) -> 6 | AG15: =AD15*(AF15-AE15+1) -> 0.5
B16: ='01_INPUTS'!$B$27 -> Azure Specialist | C16: ='01_INPUTS'!$E$27 -> 1 | AA16: ='Sites Master'!$B$2 -> Site 01 | AB16: ='Phase-Resource Allocation'!$B$77 -> Functional Review | AC16: ='Phase-Resource Allocation'!$C$77 -> Change Management Lead | AD16: ='Phase-Resource Allocation'!$D$77 -> 1 | AE16: =IFERROR(INDEX('02_SCHEDULE'!$K$5:$K$124,MATCH(AA16&"|"&AB16,'02_SCHEDULE'!$M$5:$M$124,0)),0) -> 6 | AF16: =IFERROR(INDEX('02_SCHEDULE'!$L$5:$L$124,MATCH(AA16&"|"&AB16,'02_SCHEDULE'!$M$5:$M$124,0)),0) -> 6 | AG16: =AD16*(AF16-AE16+1) -> 1
B17: ='01_INPUTS'!$B$28 -> Testing Lead | C17: ='01_INPUTS'!$E$28 -> 1 | AA17: ='Sites Master'!$B$2 -> Site 01 | AB17: ='Phase-Resource Allocation'!$B$78 -> Functional Review | AC17: ='Phase-Resource Allocation'!$C$78 -> SAP Integrations Lead | AD17: ='Phase-Resource Allocation'!$D$78 -> 0.5 | AE17: =IFERROR(INDEX('02_SCHEDULE'!$K$5:$K$124,MATCH(AA17&"|"&AB17,'02_SCHEDULE'!$M$5:$M$124,0)),0) -> 6 | AF17: =IFERROR(INDEX('02_SCHEDULE'!$L$5:$L$124,MATCH(AA17&"|"&AB17,'02_SCHEDULE'!$M$5:$M$124,0)),0) -> 6 | AG17: =AD17*(AF17-AE17+1) -> 0.5
B18: ='01_INPUTS'!$B$29 -> Trainers | C18: ='01_INPUTS'!$E$29 -> 1 | AA18: ='Sites Master'!$B$2 -> Site 01 | AB18: ='Phase-Resource Allocation'!$B$79 -> Functional Review | AC18: ='Phase-Resource Allocation'!$C$79 -> SAP Integrations Specialist | AD18: ='Phase-Resource Allocation'!$D$79 -> 0.5 | AE18: =IFERROR(INDEX('02_SCHEDULE'!$K$5:$K$124,MATCH(AA18&"|"&AB18,'02_SCHEDULE'!$M$5:$M$124,0)),0) -> 6 | AF18: =IFERROR(INDEX('02_SCHEDULE'!$L$5:$L$124,MATCH(AA18&"|"&AB18,'02_SCHEDULE'!$M$5:$M$124,0)),0) -> 6 | AG18: =AD18*(AF18-AE18+1) -> 0.5
B19: ='01_INPUTS'!$B$30 -> Functional Lead Vendor A | C19: ='01_INPUTS'!$E$30 -> 2 | AA19: ='Sites Master'!$B$2 -> Site 01 | AB19: ='Phase-Resource Allocation'!$B$80 -> Functional Review | AC19: ='Phase-Resource Allocation'!$C$80 -> Azure Lead | AD19: ='Phase-Resource Allocation'!$D$80 -> 0.5 | AE19: =IFERROR(INDEX('02_SCHEDULE'!$K$5:$K$124,MATCH(AA19&"|"&AB19,'02_SCHEDULE'!$M$5:$M$124,0)),0) -> 6 | AF19: =IFERROR(INDEX('02_SCHEDULE'!$L$5:$L$124,MATCH(AA19&"|"&AB19,'02_SCHEDULE'!$M$5:$M$124,0)),0) -> 6 | AG19: =AD19*(AF19-AE19+1) -> 0.5
B20: Nota: Site 12 (Cluster 4) no tiene filas en 'Phase-Resource Allocation' en el archivo original. Su demanda de recursos se calcula en 0 (no se inventaron datos para cubrir este vacio). | AA20: ='Sites Master'!$B$2 -> Site 01 | AB20: ='Phase-Resource Allocation'!$B$81 -> Functional Review | AC20: ='Phase-Resource Allocation'!$C$81 -> Azure Specialist | AD20: ='Phase-Resource Allocation'!$D$81 -> 0.5 | AE20: =IFERROR(INDEX('02_SCHEDULE'!$K$5:$K$124,MATCH(AA20&"|"&AB20,'02_SCHEDULE'!$M$5:$M$124,0)),0) -> 6 | AF20: =IFERROR(INDEX('02_SCHEDULE'!$L$5:$L$124,MATCH(AA20&"|"&AB20,'02_SCHEDULE'!$M$5:$M$124,0)),0) -> 6 | AG20: =AD20*(AF20-AE20+1) -> 0.5
AA21: ='Sites Master'!$B$2 -> Site 01 | AB21: ='Phase-Resource Allocation'!$B$82 -> Functional Review | AC21: ='Phase-Resource Allocation'!$C$82 -> Testing Lead | AD21: ='Phase-Resource Allocation'!$D$82 -> 0.5 | AE21: =IFERROR(INDEX('02_SCHEDULE'!$K$5:$K$124,MATCH(AA21&"|"&AB21,'02_SCHEDULE'!$M$5:$M$124,0)),0) -> 6 | AF21: =IFERROR(INDEX('02_SCHEDULE'!$L$5:$L$124,MATCH(AA21&"|"&AB21,'02_SCHEDULE'!$M$5:$M$124,0)),0) -> 6 | AG21: =AD21*(AF21-AE21+1) -> 0.5
B22: UTILIZACION SEMANAL POR ROL (%) - semaforo: verde <=80%, amarillo <=100%, rojo >100% (150 semanas modeladas) | AA22: ='Sites Master'!$B$2 -> Site 01 | AB22: ='Phase-Resource Allocation'!$B$83 -> Functional Review | AC22: ='Phase-Resource Allocation'!$C$83 -> Functional Lead | AD22: ='Phase-Resource Allocation'!$D$83 -> 1 | AE22: =IFERROR(INDEX('02_SCHEDULE'!$K$5:$K$124,MATCH(AA22&"|"&AB22,'02_SCHEDULE'!$M$5:$M$124,0)),0) -> 6 | AF22: =IFERROR(INDEX('02_SCHEDULE'!$L$5:$L$124,MATCH(AA22&"|"&AB22,'02_SCHEDULE'!$M$5:$M$124,0)),0) -> 6 | AG22: =AD22*(AF22-AE22+1) -> 1
B23: Semana | C23: Fecha inicio semana | D23: ='01_INPUTS'!$B$17 -> Solution Architect | E23: ='01_INPUTS'!$B$18 -> Warehouse Manager Org A | F23: ='01_INPUTS'!$B$19 -> Project Manager Country B | G23: ='01_INPUTS'!$B$20 -> Project Manager Country A | H23: ='01_INPUTS'!$B$21 -> Change Management Lead | I23: ='01_INPUTS'!$B$22 -> Infrastructure Lead | J23: ='01_INPUTS'!$B$23 -> Functional Lead | K23: ='01_INPUTS'!$B$24 -> SAP Integrations Lead | L23: ='01_INPUTS'!$B$25 -> SAP Integrations Specialist | M23: ='01_INPUTS'!$B$26 -> Azure Lead | N23: ='01_INPUTS'!$B$27 -> Azure Specialist | O23: ='01_INPUTS'!$B$28 -> Testing Lead | P23: ='01_INPUTS'!$B$29 -> Trainers | Q23: ='01_INPUTS'!$B$30 -> Functional Lead Vendor A | R23: ='01_INPUTS'!$B$31 -> Support Lead | S23: Total Requerido | T23: Total Disponible | U23: Utilizacion Programa % | V23: # Roles Sobrecargados | W23: Semaforo | AA23: ='Sites Master'!$B$2 -> Site 01 | AB23: ='Phase-Resource Allocation'!$B$84 -> Functional Review | AC23: ='Phase-Resource Allocation'!$C$84 -> Trainers | AD23: ='Phase-Resource Allocation'!$D$84 -> 1 | AE23: =IFERROR(INDEX('02_SCHEDULE'!$K$5:$K$124,MATCH(AA23&"|"&AB23,'02_SCHEDULE'!$M$5:$M$124,0)),0) -> 6 | AF23: =IFERROR(INDEX('02_SCHEDULE'!$L$5:$L$124,MATCH(AA23&"|"&AB23,'02_SCHEDULE'!$M$5:$M$124,0)),0) -> 6 | AG23: =AD23*(AF23-AE23+1) -> 1
B24: =1 -> 1 | C24: ='01_INPUTS'!$C$7+(1-1)*7 -> 46251 | D24: =IF(INDEX('01_INPUTS'!$E$17:$E$31,MATCH(D$23,'01_INPUTS'!$B$17:$B$31,0))=0,IF(SUMIFS($AD$3:$AD$870,$AC$3:$AC$870,D$23,$AE$3:$AE$870,"<="&$B24,$AF$3:$AF$870,">="&$B24)=0,0,9.99),SUMIFS($AD$3:$AD$870,$AC$3:$AC$870,D$23,$AE$3:$AE$870,"<="&$B24,$AF$3:$AF$870,">="&$B24)/INDEX('01_INPUTS'!$E$17:$E$31,MATCH(D$23,'01_INPUTS'!$B$17:$B$31,0))) -> 0 | E24: =IF(INDEX('01_INPUTS'!$E$17:$E$31,MATCH(E$23,'01_INPUTS'!$B$17:$B$31,0))=0,IF(SUMIFS($AD$3:$AD$870,$AC$3:$AC$870,E$23,$AE$3:$AE$870,"<="&$B24,$AF$3:$AF$870,">="&$B24)=0,0,9.99),SUMIFS($AD$3:$AD$870,$AC$3:$AC$870,E$23,$AE$3:$AE$870,"<="&$B24,$AF$3:$AF$870,">="&$B24)/INDEX('01_INPUTS'!$E$17:$E$31,MATCH(E$23,'01_INPUTS'!$B$17:$B$31,0))) -> 0 | F24: =IF(INDEX('01_INPUTS'!$E$17:$E$31,MATCH(F$23,'01_INPUTS'!$B$17:$B$31,0))=0,IF(SUMIFS($AD$3:$AD$870,$AC$3:$AC$870,F$23,$AE$3:$AE$870,"<="&$B24,$AF$3:$AF$870,">="&$B24)=0,0,9.99),SUMIFS($AD$3:$AD$870,$AC$3:$AC$870,F$23,$AE$3:$AE$870,"<="&$B24,$AF$3:$AF$870,">="&$B24)/INDEX('01_INPUTS'!$E$17:$E$31,MATCH(F$23,'01_INPUTS'!$B$17:$B$31,0))) -> 0 | G24: =IF(INDEX('01_INPUTS'!$E$17:$E$31,MATCH(G$23,'01_INPUTS'!$B$17:$B$31,0))=0,IF(SUMIFS($AD$3:$AD$870,$AC$3:$AC$870,G$23,$AE$3:$AE$870,"<="&$B24,$AF$3:$AF$870,">="&$B24)=0,0,9.99),SUMIFS($AD$3:$AD$870,$AC$3:$AC$870,G$23,$AE$3:$AE$870,"<="&$B24,$AF$3:$AF$870,">="&$B24)/INDEX('01_INPUTS'!$E$17:$E$31,MATCH(G$23,'01_INPUTS'!$B$17:$B$31,0))) -> 0 | H24: =IF(INDEX('01_INPUTS'!$E$17:$E$31,MATCH(H$23,'01_INPUTS'!$B$17:$B$31,0))=0,IF(SUMIFS($AD$3:$AD$870,$AC$3:$AC$870,H$23,$AE$3:$AE$870,"<="&$B24,$AF$3:$AF$870,">="&$B24)=0,0,9.99),SUMIFS($AD$3:$AD$870,$AC$3:$AC$870,H$23,$AE$3:$AE$870,"<="&$B24,$AF$3:$AF$870,">="&$B24)/INDEX('01_INPUTS'!$E$17:$E$31,MATCH(H$23,'01_INPUTS'!$B$17:$B$31,0))) -> 0 | I24: =IF(INDEX('01_INPUTS'!$E$17:$E$31,MATCH(I$23,'01_INPUTS'!$B$17:$B$31,0))=0,IF(SUMIFS($AD$3:$AD$870,$AC$3:$AC$870,I$23,$AE$3:$AE$870,"<="&$B24,$AF$3:$AF$870,">="&$B24)=0,0,9.99),SUMIFS($AD$3:$AD$870,$AC$3:$AC$870,I$23,$AE$3:$AE$870,"<="&$B24,$AF$3:$AF$870,">="&$B24)/INDEX('01_INPUTS'!$E$17:$E$31,MATCH(I$23,'01_INPUTS'!$B$17:$B$31,0))) -> 1.5 | J24: =IF(INDEX('01_INPUTS'!$E$17:$E$31,MATCH(J$23,'01_INPUTS'!$B$17:$B$31,0))=0,IF(SUMIFS($AD$3:$AD$870,$AC$3:$AC$870,J$23,$AE$3:$AE$870,"<="&$B24,$AF$3:$AF$870,">="&$B24)=0,0,9.99),SUMIFS($AD$3:$AD$870,$AC$3:$AC$870,J$23,$AE$3:$AE$870,"<="&$B24,$AF$3:$AF$870,">="&$B24)/INDEX('01_INPUTS'!$E$17:$E$31,MATCH(J$23,'01_INPUTS'!$B$17:$B$31,0))) -> 0 | K24: =IF(INDEX('01_INPUTS'!$E$17:$E$31,MATCH(K$23,'01_INPUTS'!$B$17:$B$31,0))=0,IF(SUMIFS($AD$3:$AD$870,$AC$3:$AC$870,K$23,$AE$3:$AE$870,"<="&$B24,$AF$3:$AF$870,">="&$B24)=0,0,9.99),SUMIFS($AD$3:$AD$870,$AC$3:$AC$870,K$23,$AE$3:$AE$870,"<="&$B24,$AF$3:$AF$870,">="&$B24)/INDEX('01_INPUTS'!$E$17:$E$31,MATCH(K$23,'01_INPUTS'!$B$17:$B$31,0))) -> 1.5 | ... R24: =IF(INDEX('01_INPUTS'!$E$17:$E$31,MATCH(R$23,'01_INPUTS'!$B$17:$B$31,0))=0,IF(SUMIFS($AD$3:$AD$870,$AC$3:$AC$870,R$23,$AE$3:$AE$870,"<="&$B24,$AF$3:$AF$870,">="&$B24)=0,0,9.99),SUMIFS($AD$3:$AD$870,$AC$3:$AC$870,R$23,$AE$3:$AE$870,"<="&$B24,$AF$3:$AF$870,">="&$B24)/INDEX('01_INPUTS'!$E$17:$E$31,MATCH(R$23,'01_INPUTS'!$B$17:$B$31,0))) -> 0 | S24: =SUMIFS($AD$3:$AD$870,$AE$3:$AE$870,"<="&B24,$AF$3:$AF$870,">="&B24) -> 4.5 | T24: =SUM('01_INPUTS'!$E$17:$E$31) -> 20 | U24: =IFERROR(S24/T24,0) -> 0.225 | V24: =COUNTIF(D24:R24,">1") -> 2 | W24: =IF(MAX(D24:R24)>1,"ROJO",IF(MAX(D24:R24)>0.8,"AMARILLO","VERDE")) -> ROJO | AA24: ='Sites Master'!$B$2 -> Site 01 | AB24: ='Phase-Resource Allocation'!$B$85 -> UAT | AC24: ='Phase-Resource Allocation'!$C$85 -> Solution Architect | AD24: ='Phase-Resource Allocation'!$D$85 -> 0.5 | AE24: =IFERROR(INDEX('02_SCHEDULE'!$K$5:$K$124,MATCH(AA24&"|"&AB24,'02_SCHEDULE'!$M$5:$M$124,0)),0) -> 7 | AF24: =IFERROR(INDEX('02_SCHEDULE'!$L$5:$L$124,MATCH(AA24&"|"&AB24,'02_SCHEDULE'!$M$5:$M$124,0)),0) -> 8 | AG24: =AD24*(AF24-AE24+1) -> 1
B25: =2 -> 2 | C25: ='01_INPUTS'!$C$7+(2-1)*7 -> 46258 | D25: =IF(INDEX('01_INPUTS'!$E$17:$E$31,MATCH(D$23,'01_INPUTS'!$B$17:$B$31,0))=0,IF(SUMIFS($AD$3:$AD$870,$AC$3:$AC$870,D$23,$AE$3:$AE$870,"<="&$B25,$AF$3:$AF$870,">="&$B25)=0,0,9.99),SUMIFS($AD$3:$AD$870,$AC$3:$AC$870,D$23,$AE$3:$AE$870,"<="&$B25,$AF$3:$AF$870,">="&$B25)/INDEX('01_INPUTS'!$E$17:$E$31,MATCH(D$23,'01_INPUTS'!$B$17:$B$31,0))) -> 0 | E25: =IF(INDEX('01_INPUTS'!$E$17:$E$31,MATCH(E$23,'01_INPUTS'!$B$17:$B$31,0))=0,IF(SUMIFS($AD$3:$AD$870,$AC$3:$AC$870,E$23,$AE$3:$AE$870,"<="&$B25,$AF$3:$AF$870,">="&$B25)=0,0,9.99),SUMIFS($AD$3:$AD$870,$AC$3:$AC$870,E$23,$AE$3:$AE$870,"<="&$B25,$AF$3:$AF$870,">="&$B25)/INDEX('01_INPUTS'!$E$17:$E$31,MATCH(E$23,'01_INPUTS'!$B$17:$B$31,0))) -> 0 | F25: =IF(INDEX('01_INPUTS'!$E$17:$E$31,MATCH(F$23,'01_INPUTS'!$B$17:$B$31,0))=0,IF(SUMIFS($AD$3:$AD$870,$AC$3:$AC$870,F$23,$AE$3:$AE$870,"<="&$B25,$AF$3:$AF$870,">="&$B25)=0,0,9.99),SUMIFS($AD$3:$AD$870,$AC$3:$AC$870,F$23,$AE$3:$AE$870,"<="&$B25,$AF$3:$AF$870,">="&$B25)/INDEX('01_INPUTS'!$E$17:$E$31,MATCH(F$23,'01_INPUTS'!$B$17:$B$31,0))) -> 0 | G25: =IF(INDEX('01_INPUTS'!$E$17:$E$31,MATCH(G$23,'01_INPUTS'!$B$17:$B$31,0))=0,IF(SUMIFS($AD$3:$AD$870,$AC$3:$AC$870,G$23,$AE$3:$AE$870,"<="&$B25,$AF$3:$AF$870,">="&$B25)=0,0,9.99),SUMIFS($AD$3:$AD$870,$AC$3:$AC$870,G$23,$AE$3:$AE$870,"<="&$B25,$AF$3:$AF$870,">="&$B25)/INDEX('01_INPUTS'!$E$17:$E$31,MATCH(G$23,'01_INPUTS'!$B$17:$B$31,0))) -> 0 | H25: =IF(INDEX('01_INPUTS'!$E$17:$E$31,MATCH(H$23,'01_INPUTS'!$B$17:$B$31,0))=0,IF(SUMIFS($AD$3:$AD$870,$AC$3:$AC$870,H$23,$AE$3:$AE$870,"<="&$B25,$AF$3:$AF$870,">="&$B25)=0,0,9.99),SUMIFS($AD$3:$AD$870,$AC$3:$AC$870,H$23,$AE$3:$AE$870,"<="&$B25,$AF$3:$AF$870,">="&$B25)/INDEX('01_INPUTS'!$E$17:$E$31,MATCH(H$23,'01_INPUTS'!$B$17:$B$31,0))) -> 0 | I25: =IF(INDEX('01_INPUTS'!$E$17:$E$31,MATCH(I$23,'01_INPUTS'!$B$17:$B$31,0))=0,IF(SUMIFS($AD$3:$AD$870,$AC$3:$AC$870,I$23,$AE$3:$AE$870,"<="&$B25,$AF$3:$AF$870,">="&$B25)=0,0,9.99),SUMIFS($AD$3:$AD$870,$AC$3:$AC$870,I$23,$AE$3:$AE$870,"<="&$B25,$AF$3:$AF$870,">="&$B25)/INDEX('01_INPUTS'!$E$17:$E$31,MATCH(I$23,'01_INPUTS'!$B$17:$B$31,0))) -> 1.5 | J25: =IF(INDEX('01_INPUTS'!$E$17:$E$31,MATCH(J$23,'01_INPUTS'!$B$17:$B$31,0))=0,IF(SUMIFS($AD$3:$AD$870,$AC$3:$AC$870,J$23,$AE$3:$AE$870,"<="&$B25,$AF$3:$AF$870,">="&$B25)=0,0,9.99),SUMIFS($AD$3:$AD$870,$AC$3:$AC$870,J$23,$AE$3:$AE$870,"<="&$B25,$AF$3:$AF$870,">="&$B25)/INDEX('01_INPUTS'!$E$17:$E$31,MATCH(J$23,'01_INPUTS'!$B$17:$B$31,0))) -> 0 | K25: =IF(INDEX('01_INPUTS'!$E$17:$E$31,MATCH(K$23,'01_INPUTS'!$B$17:$B$31,0))=0,IF(SUMIFS($AD$3:$AD$870,$AC$3:$AC$870,K$23,$AE$3:$AE$870,"<="&$B25,$AF$3:$AF$870,">="&$B25)=0,0,9.99),SUMIFS($AD$3:$AD$870,$AC$3:$AC$870,K$23,$AE$3:$AE$870,"<="&$B25,$AF$3:$AF$870,">="&$B25)/INDEX('01_INPUTS'!$E$17:$E$31,MATCH(K$23,'01_INPUTS'!$B$17:$B$31,0))) -> 1.5 | ... R25: =IF(INDEX('01_INPUTS'!$E$17:$E$31,MATCH(R$23,'01_INPUTS'!$B$17:$B$31,0))=0,IF(SUMIFS($AD$3:$AD$870,$AC$3:$AC$870,R$23,$AE$3:$AE$870,"<="&$B25,$AF$3:$AF$870,">="&$B25)=0,0,9.99),SUMIFS($AD$3:$AD$870,$AC$3:$AC$870,R$23,$AE$3:$AE$870,"<="&$B25,$AF$3:$AF$870,">="&$B25)/INDEX('01_INPUTS'!$E$17:$E$31,MATCH(R$23,'01_INPUTS'!$B$17:$B$31,0))) -> 0 | S25: =SUMIFS($AD$3:$AD$870,$AE$3:$AE$870,"<="&B25,$AF$3:$AF$870,">="&B25) -> 4.5 | T25: =SUM('01_INPUTS'!$E$17:$E$31) -> 20 | U25: =IFERROR(S25/T25,0) -> 0.225 | V25: =COUNTIF(D25:R25,">1") -> 2 | W25: =IF(MAX(D25:R25)>1,"ROJO",IF(MAX(D25:R25)>0.8,"AMARILLO","VERDE")) -> ROJO | AA25: ='Sites Master'!$B$2 -> Site 01 | AB25: ='Phase-Resource Allocation'!$B$86 -> UAT | AC25: ='Phase-Resource Allocation'!$C$86 -> Change Management Lead | AD25: ='Phase-Resource Allocation'!$D$86 -> 1 | AE25: =IFERROR(INDEX('02_SCHEDULE'!$K$5:$K$124,MATCH(AA25&"|"&AB25,'02_SCHEDULE'!$M$5:$M$124,0)),0) -> 7 | AF25: =IFERROR(INDEX('02_SCHEDULE'!$L$5:$L$124,MATCH(AA25&"|"&AB25,'02_SCHEDULE'!$M$5:$M$124,0)),0) -> 8 | AG25: =AD25*(AF25-AE25+1) -> 2
B26: =3 -> 3 | C26: ='01_INPUTS'!$C$7+(3-1)*7 -> 46265 | D26: =IF(INDEX('01_INPUTS'!$E$17:$E$31,MATCH(D$23,'01_INPUTS'!$B$17:$B$31,0))=0,IF(SUMIFS($AD$3:$AD$870,$AC$3:$AC$870,D$23,$AE$3:$AE$870,"<="&$B26,$AF$3:$AF$870,">="&$B26)=0,0,9.99),SUMIFS($AD$3:$AD$870,$AC$3:$AC$870,D$23,$AE$3:$AE$870,"<="&$B26,$AF$3:$AF$870,">="&$B26)/INDEX('01_INPUTS'!$E$17:$E$31,MATCH(D$23,'01_INPUTS'!$B$17:$B$31,0))) -> 0 | E26: =IF(INDEX('01_INPUTS'!$E$17:$E$31,MATCH(E$23,'01_INPUTS'!$B$17:$B$31,0))=0,IF(SUMIFS($AD$3:$AD$870,$AC$3:$AC$870,E$23,$AE$3:$AE$870,"<="&$B26,$AF$3:$AF$870,">="&$B26)=0,0,9.99),SUMIFS($AD$3:$AD$870,$AC$3:$AC$870,E$23,$AE$3:$AE$870,"<="&$B26,$AF$3:$AF$870,">="&$B26)/INDEX('01_INPUTS'!$E$17:$E$31,MATCH(E$23,'01_INPUTS'!$B$17:$B$31,0))) -> 0 | F26: =IF(INDEX('01_INPUTS'!$E$17:$E$31,MATCH(F$23,'01_INPUTS'!$B$17:$B$31,0))=0,IF(SUMIFS($AD$3:$AD$870,$AC$3:$AC$870,F$23,$AE$3:$AE$870,"<="&$B26,$AF$3:$AF$870,">="&$B26)=0,0,9.99),SUMIFS($AD$3:$AD$870,$AC$3:$AC$870,F$23,$AE$3:$AE$870,"<="&$B26,$AF$3:$AF$870,">="&$B26)/INDEX('01_INPUTS'!$E$17:$E$31,MATCH(F$23,'01_INPUTS'!$B$17:$B$31,0))) -> 0 | G26: =IF(INDEX('01_INPUTS'!$E$17:$E$31,MATCH(G$23,'01_INPUTS'!$B$17:$B$31,0))=0,IF(SUMIFS($AD$3:$AD$870,$AC$3:$AC$870,G$23,$AE$3:$AE$870,"<="&$B26,$AF$3:$AF$870,">="&$B26)=0,0,9.99),SUMIFS($AD$3:$AD$870,$AC$3:$AC$870,G$23,$AE$3:$AE$870,"<="&$B26,$AF$3:$AF$870,">="&$B26)/INDEX('01_INPUTS'!$E$17:$E$31,MATCH(G$23,'01_INPUTS'!$B$17:$B$31,0))) -> 0 | H26: =IF(INDEX('01_INPUTS'!$E$17:$E$31,MATCH(H$23,'01_INPUTS'!$B$17:$B$31,0))=0,IF(SUMIFS($AD$3:$AD$870,$AC$3:$AC$870,H$23,$AE$3:$AE$870,"<="&$B26,$AF$3:$AF$870,">="&$B26)=0,0,9.99),SUMIFS($AD$3:$AD$870,$AC$3:$AC$870,H$23,$AE$3:$AE$870,"<="&$B26,$AF$3:$AF$870,">="&$B26)/INDEX('01_INPUTS'!$E$17:$E$31,MATCH(H$23,'01_INPUTS'!$B$17:$B$31,0))) -> 0 | I26: =IF(INDEX('01_INPUTS'!$E$17:$E$31,MATCH(I$23,'01_INPUTS'!$B$17:$B$31,0))=0,IF(SUMIFS($AD$3:$AD$870,$AC$3:$AC$870,I$23,$AE$3:$AE$870,"<="&$B26,$AF$3:$AF$870,">="&$B26)=0,0,9.99),SUMIFS($AD$3:$AD$870,$AC$3:$AC$870,I$23,$AE$3:$AE$870,"<="&$B26,$AF$3:$AF$870,">="&$B26)/INDEX('01_INPUTS'!$E$17:$E$31,MATCH(I$23,'01_INPUTS'!$B$17:$B$31,0))) -> 1.5 | J26: =IF(INDEX('01_INPUTS'!$E$17:$E$31,MATCH(J$23,'01_INPUTS'!$B$17:$B$31,0))=0,IF(SUMIFS($AD$3:$AD$870,$AC$3:$AC$870,J$23,$AE$3:$AE$870,"<="&$B26,$AF$3:$AF$870,">="&$B26)=0,0,9.99),SUMIFS($AD$3:$AD$870,$AC$3:$AC$870,J$23,$AE$3:$AE$870,"<="&$B26,$AF$3:$AF$870,">="&$B26)/INDEX('01_INPUTS'!$E$17:$E$31,MATCH(J$23,'01_INPUTS'!$B$17:$B$31,0))) -> 0 | K26: =IF(INDEX('01_INPUTS'!$E$17:$E$31,MATCH(K$23,'01_INPUTS'!$B$17:$B$31,0))=0,IF(SUMIFS($AD$3:$AD$870,$AC$3:$AC$870,K$23,$AE$3:$AE$870,"<="&$B26,$AF$3:$AF$870,">="&$B26)=0,0,9.99),SUMIFS($AD$3:$AD$870,$AC$3:$AC$870,K$23,$AE$3:$AE$870,"<="&$B26,$AF$3:$AF$870,">="&$B26)/INDEX('01_INPUTS'!$E$17:$E$31,MATCH(K$23,'01_INPUTS'!$B$17:$B$31,0))) -> 1.5 | ... R26: =IF(INDEX('01_INPUTS'!$E$17:$E$31,MATCH(R$23,'01_INPUTS'!$B$17:$B$31,0))=0,IF(SUMIFS($AD$3:$AD$870,$AC$3:$AC$870,R$23,$AE$3:$AE$870,"<="&$B26,$AF$3:$AF$870,">="&$B26)=0,0,9.99),SUMIFS($AD$3:$AD$870,$AC$3:$AC$870,R$23,$AE$3:$AE$870,"<="&$B26,$AF$3:$AF$870,">="&$B26)/INDEX('01_INPUTS'!$E$17:$E$31,MATCH(R$23,'01_INPUTS'!$B$17:$B$31,0))) -> 0 | S26: =SUMIFS($AD$3:$AD$870,$AE$3:$AE$870,"<="&B26,$AF$3:$AF$870,">="&B26) -> 4.5 | T26: =SUM('01_INPUTS'!$E$17:$E$31) -> 20 | U26: =IFERROR(S26/T26,0) -> 0.225 | V26: =COUNTIF(D26:R26,">1") -> 2 | W26: =IF(MAX(D26:R26)>1,"ROJO",IF(MAX(D26:R26)>0.8,"AMARILLO","VERDE")) -> ROJO | AA26: ='Sites Master'!$B$2 -> Site 01 | AB26: ='Phase-Resource Allocation'!$B$87 -> UAT | AC26: ='Phase-Resource Allocation'!$C$87 -> SAP Integrations Lead | AD26: ='Phase-Resource Allocation'!$D$87 -> 0.5 | AE26: =IFERROR(INDEX('02_SCHEDULE'!$K$5:$K$124,MATCH(AA26&"|"&AB26,'02_SCHEDULE'!$M$5:$M$124,0)),0) -> 7 | AF26: =IFERROR(INDEX('02_SCHEDULE'!$L$5:$L$124,MATCH(AA26&"|"&AB26,'02_SCHEDULE'!$M$5:$M$124,0)),0) -> 8 | AG26: =AD26*(AF26-AE26+1) -> 1
B27: =4 -> 4 | C27: ='01_INPUTS'!$C$7+(4-1)*7 -> 46272 | D27: =IF(INDEX('01_INPUTS'!$E$17:$E$31,MATCH(D$23,'01_INPUTS'!$B$17:$B$31,0))=0,IF(SUMIFS($AD$3:$AD$870,$AC$3:$AC$870,D$23,$AE$3:$AE$870,"<="&$B27,$AF$3:$AF$870,">="&$B27)=0,0,9.99),SUMIFS($AD$3:$AD$870,$AC$3:$AC$870,D$23,$AE$3:$AE$870,"<="&$B27,$AF$3:$AF$870,">="&$B27)/INDEX('01_INPUTS'!$E$17:$E$31,MATCH(D$23,'01_INPUTS'!$B$17:$B$31,0))) -> 0 | E27: =IF(INDEX('01_INPUTS'!$E$17:$E$31,MATCH(E$23,'01_INPUTS'!$B$17:$B$31,0))=0,IF(SUMIFS($AD$3:$AD$870,$AC$3:$AC$870,E$23,$AE$3:$AE$870,"<="&$B27,$AF$3:$AF$870,">="&$B27)=0,0,9.99),SUMIFS($AD$3:$AD$870,$AC$3:$AC$870,E$23,$AE$3:$AE$870,"<="&$B27,$AF$3:$AF$870,">="&$B27)/INDEX('01_INPUTS'!$E$17:$E$31,MATCH(E$23,'01_INPUTS'!$B$17:$B$31,0))) -> 0 | F27: =IF(INDEX('01_INPUTS'!$E$17:$E$31,MATCH(F$23,'01_INPUTS'!$B$17:$B$31,0))=0,IF(SUMIFS($AD$3:$AD$870,$AC$3:$AC$870,F$23,$AE$3:$AE$870,"<="&$B27,$AF$3:$AF$870,">="&$B27)=0,0,9.99),SUMIFS($AD$3:$AD$870,$AC$3:$AC$870,F$23,$AE$3:$AE$870,"<="&$B27,$AF$3:$AF$870,">="&$B27)/INDEX('01_INPUTS'!$E$17:$E$31,MATCH(F$23,'01_INPUTS'!$B$17:$B$31,0))) -> 0 | G27: =IF(INDEX('01_INPUTS'!$E$17:$E$31,MATCH(G$23,'01_INPUTS'!$B$17:$B$31,0))=0,IF(SUMIFS($AD$3:$AD$870,$AC$3:$AC$870,G$23,$AE$3:$AE$870,"<="&$B27,$AF$3:$AF$870,">="&$B27)=0,0,9.99),SUMIFS($AD$3:$AD$870,$AC$3:$AC$870,G$23,$AE$3:$AE$870,"<="&$B27,$AF$3:$AF$870,">="&$B27)/INDEX('01_INPUTS'!$E$17:$E$31,MATCH(G$23,'01_INPUTS'!$B$17:$B$31,0))) -> 0 | H27: =IF(INDEX('01_INPUTS'!$E$17:$E$31,MATCH(H$23,'01_INPUTS'!$B$17:$B$31,0))=0,IF(SUMIFS($AD$3:$AD$870,$AC$3:$AC$870,H$23,$AE$3:$AE$870,"<="&$B27,$AF$3:$AF$870,">="&$B27)=0,0,9.99),SUMIFS($AD$3:$AD$870,$AC$3:$AC$870,H$23,$AE$3:$AE$870,"<="&$B27,$AF$3:$AF$870,">="&$B27)/INDEX('01_INPUTS'!$E$17:$E$31,MATCH(H$23,'01_INPUTS'!$B$17:$B$31,0))) -> 0 | I27: =IF(INDEX('01_INPUTS'!$E$17:$E$31,MATCH(I$23,'01_INPUTS'!$B$17:$B$31,0))=0,IF(SUMIFS($AD$3:$AD$870,$AC$3:$AC$870,I$23,$AE$3:$AE$870,"<="&$B27,$AF$3:$AF$870,">="&$B27)=0,0,9.99),SUMIFS($AD$3:$AD$870,$AC$3:$AC$870,I$23,$AE$3:$AE$870,"<="&$B27,$AF$3:$AF$870,">="&$B27)/INDEX('01_INPUTS'!$E$17:$E$31,MATCH(I$23,'01_INPUTS'!$B$17:$B$31,0))) -> 1.5 | J27: =IF(INDEX('01_INPUTS'!$E$17:$E$31,MATCH(J$23,'01_INPUTS'!$B$17:$B$31,0))=0,IF(SUMIFS($AD$3:$AD$870,$AC$3:$AC$870,J$23,$AE$3:$AE$870,"<="&$B27,$AF$3:$AF$870,">="&$B27)=0,0,9.99),SUMIFS($AD$3:$AD$870,$AC$3:$AC$870,J$23,$AE$3:$AE$870,"<="&$B27,$AF$3:$AF$870,">="&$B27)/INDEX('01_INPUTS'!$E$17:$E$31,MATCH(J$23,'01_INPUTS'!$B$17:$B$31,0))) -> 0 | K27: =IF(INDEX('01_INPUTS'!$E$17:$E$31,MATCH(K$23,'01_INPUTS'!$B$17:$B$31,0))=0,IF(SUMIFS($AD$3:$AD$870,$AC$3:$AC$870,K$23,$AE$3:$AE$870,"<="&$B27,$AF$3:$AF$870,">="&$B27)=0,0,9.99),SUMIFS($AD$3:$AD$870,$AC$3:$AC$870,K$23,$AE$3:$AE$870,"<="&$B27,$AF$3:$AF$870,">="&$B27)/INDEX('01_INPUTS'!$E$17:$E$31,MATCH(K$23,'01_INPUTS'!$B$17:$B$31,0))) -> 1.5 | ... R27: =IF(INDEX('01_INPUTS'!$E$17:$E$31,MATCH(R$23,'01_INPUTS'!$B$17:$B$31,0))=0,IF(SUMIFS($AD$3:$AD$870,$AC$3:$AC$870,R$23,$AE$3:$AE$870,"<="&$B27,$AF$3:$AF$870,">="&$B27)=0,0,9.99),SUMIFS($AD$3:$AD$870,$AC$3:$AC$870,R$23,$AE$3:$AE$870,"<="&$B27,$AF$3:$AF$870,">="&$B27)/INDEX('01_INPUTS'!$E$17:$E$31,MATCH(R$23,'01_INPUTS'!$B$17:$B$31,0))) -> 0 | S27: =SUMIFS($AD$3:$AD$870,$AE$3:$AE$870,"<="&B27,$AF$3:$AF$870,">="&B27) -> 4.5 | T27: =SUM('01_INPUTS'!$E$17:$E$31) -> 20 | U27: =IFERROR(S27/T27,0) -> 0.225 | V27: =COUNTIF(D27:R27,">1") -> 2 | W27: =IF(MAX(D27:R27)>1,"ROJO",IF(MAX(D27:R27)>0.8,"AMARILLO","VERDE")) -> ROJO | AA27: ='Sites Master'!$B$2 -> Site 01 | AB27: ='Phase-Resource Allocation'!$B$88 -> UAT | AC27: ='Phase-Resource Allocation'!$C$88 -> SAP Integrations Specialist | AD27: ='Phase-Resource Allocation'!$D$88 -> 0.5 | AE27: =IFERROR(INDEX('02_SCHEDULE'!$K$5:$K$124,MATCH(AA27&"|"&AB27,'02_SCHEDULE'!$M$5:$M$124,0)),0) -> 7 | AF27: =IFERROR(INDEX('02_SCHEDULE'!$L$5:$L$124,MATCH(AA27&"|"&AB27,'02_SCHEDULE'!$M$5:$M$124,0)),0) -> 8 | AG27: =AD27*(AF27-AE27+1) -> 1
B28: =5 -> 5 | C28: ='01_INPUTS'!$C$7+(5-1)*7 -> 46279 | D28: =IF(INDEX('01_INPUTS'!$E$17:$E$31,MATCH(D$23,'01_INPUTS'!$B$17:$B$31,0))=0,IF(SUMIFS($AD$3:$AD$870,$AC$3:$AC$870,D$23,$AE$3:$AE$870,"<="&$B28,$AF$3:$AF$870,">="&$B28)=0,0,9.99),SUMIFS($AD$3:$AD$870,$AC$3:$AC$870,D$23,$AE$3:$AE$870,"<="&$B28,$AF$3:$AF$870,">="&$B28)/INDEX('01_INPUTS'!$E$17:$E$31,MATCH(D$23,'01_INPUTS'!$B$17:$B$31,0))) -> 3 | E28: =IF(INDEX('01_INPUTS'!$E$17:$E$31,MATCH(E$23,'01_INPUTS'!$B$17:$B$31,0))=0,IF(SUMIFS($AD$3:$AD$870,$AC$3:$AC$870,E$23,$AE$3:$AE$870,"<="&$B28,$AF$3:$AF$870,">="&$B28)=0,0,9.99),SUMIFS($AD$3:$AD$870,$AC$3:$AC$870,E$23,$AE$3:$AE$870,"<="&$B28,$AF$3:$AF$870,">="&$B28)/INDEX('01_INPUTS'!$E$17:$E$31,MATCH(E$23,'01_INPUTS'!$B$17:$B$31,0))) -> 0 | F28: =IF(INDEX('01_INPUTS'!$E$17:$E$31,MATCH(F$23,'01_INPUTS'!$B$17:$B$31,0))=0,IF(SUMIFS($AD$3:$AD$870,$AC$3:$AC$870,F$23,$AE$3:$AE$870,"<="&$B28,$AF$3:$AF$870,">="&$B28)=0,0,9.99),SUMIFS($AD$3:$AD$870,$AC$3:$AC$870,F$23,$AE$3:$AE$870,"<="&$B28,$AF$3:$AF$870,">="&$B28)/INDEX('01_INPUTS'!$E$17:$E$31,MATCH(F$23,'01_INPUTS'!$B$17:$B$31,0))) -> 0 | G28: =IF(INDEX('01_INPUTS'!$E$17:$E$31,MATCH(G$23,'01_INPUTS'!$B$17:$B$31,0))=0,IF(SUMIFS($AD$3:$AD$870,$AC$3:$AC$870,G$23,$AE$3:$AE$870,"<="&$B28,$AF$3:$AF$870,">="&$B28)=0,0,9.99),SUMIFS($AD$3:$AD$870,$AC$3:$AC$870,G$23,$AE$3:$AE$870,"<="&$B28,$AF$3:$AF$870,">="&$B28)/INDEX('01_INPUTS'!$E$17:$E$31,MATCH(G$23,'01_INPUTS'!$B$17:$B$31,0))) -> 0 | H28: =IF(INDEX('01_INPUTS'!$E$17:$E$31,MATCH(H$23,'01_INPUTS'!$B$17:$B$31,0))=0,IF(SUMIFS($AD$3:$AD$870,$AC$3:$AC$870,H$23,$AE$3:$AE$870,"<="&$B28,$AF$3:$AF$870,">="&$B28)=0,0,9.99),SUMIFS($AD$3:$AD$870,$AC$3:$AC$870,H$23,$AE$3:$AE$870,"<="&$B28,$AF$3:$AF$870,">="&$B28)/INDEX('01_INPUTS'!$E$17:$E$31,MATCH(H$23,'01_INPUTS'!$B$17:$B$31,0))) -> 0 | I28: =IF(INDEX('01_INPUTS'!$E$17:$E$31,MATCH(I$23,'01_INPUTS'!$B$17:$B$31,0))=0,IF(SUMIFS($AD$3:$AD$870,$AC$3:$AC$870,I$23,$AE$3:$AE$870,"<="&$B28,$AF$3:$AF$870,">="&$B28)=0,0,9.99),SUMIFS($AD$3:$AD$870,$AC$3:$AC$870,I$23,$AE$3:$AE$870,"<="&$B28,$AF$3:$AF$870,">="&$B28)/INDEX('01_INPUTS'!$E$17:$E$31,MATCH(I$23,'01_INPUTS'!$B$17:$B$31,0))) -> 1.5 | J28: =IF(INDEX('01_INPUTS'!$E$17:$E$31,MATCH(J$23,'01_INPUTS'!$B$17:$B$31,0))=0,IF(SUMIFS($AD$3:$AD$870,$AC$3:$AC$870,J$23,$AE$3:$AE$870,"<="&$B28,$AF$3:$AF$870,">="&$B28)=0,0,9.99),SUMIFS($AD$3:$AD$870,$AC$3:$AC$870,J$23,$AE$3:$AE$870,"<="&$B28,$AF$3:$AF$870,">="&$B28)/INDEX('01_INPUTS'!$E$17:$E$31,MATCH(J$23,'01_INPUTS'!$B$17:$B$31,0))) -> 1.5 | K28: =IF(INDEX('01_INPUTS'!$E$17:$E$31,MATCH(K$23,'01_INPUTS'!$B$17:$B$31,0))=0,IF(SUMIFS($AD$3:$AD$870,$AC$3:$AC$870,K$23,$AE$3:$AE$870,"<="&$B28,$AF$3:$AF$870,">="&$B28)=0,0,9.99),SUMIFS($AD$3:$AD$870,$AC$3:$AC$870,K$23,$AE$3:$AE$870,"<="&$B28,$AF$3:$AF$870,">="&$B28)/INDEX('01_INPUTS'!$E$17:$E$31,MATCH(K$23,'01_INPUTS'!$B$17:$B$31,0))) -> 1.5 | ... R28: =IF(INDEX('01_INPUTS'!$E$17:$E$31,MATCH(R$23,'01_INPUTS'!$B$17:$B$31,0))=0,IF(SUMIFS($AD$3:$AD$870,$AC$3:$AC$870,R$23,$AE$3:$AE$870,"<="&$B28,$AF$3:$AF$870,">="&$B28)=0,0,9.99),SUMIFS($AD$3:$AD$870,$AC$3:$AC$870,R$23,$AE$3:$AE$870,"<="&$B28,$AF$3:$AF$870,">="&$B28)/INDEX('01_INPUTS'!$E$17:$E$31,MATCH(R$23,'01_INPUTS'!$B$17:$B$31,0))) -> 0 | S28: =SUMIFS($AD$3:$AD$870,$AE$3:$AE$870,"<="&B28,$AF$3:$AF$870,">="&B28) -> 24 | T28: =SUM('01_INPUTS'!$E$17:$E$31) -> 20 | U28: =IFERROR(S28/T28,0) -> 1.2 | V28: =COUNTIF(D28:R28,">1") -> 10 | W28: =IF(MAX(D28:R28)>1,"ROJO",IF(MAX(D28:R28)>0.8,"AMARILLO","VERDE")) -> ROJO | AA28: ='Sites Master'!$B$2 -> Site 01 | AB28: ='Phase-Resource Allocation'!$B$89 -> UAT | AC28: ='Phase-Resource Allocation'!$C$89 -> Azure Lead | AD28: ='Phase-Resource Allocation'!$D$89 -> 0.5 | AE28: =IFERROR(INDEX('02_SCHEDULE'!$K$5:$K$124,MATCH(AA28&"|"&AB28,'02_SCHEDULE'!$M$5:$M$124,0)),0) -> 7 | AF28: =IFERROR(INDEX('02_SCHEDULE'!$L$5:$L$124,MATCH(AA28&"|"&AB28,'02_SCHEDULE'!$M$5:$M$124,0)),0) -> 8 | AG28: =AD28*(AF28-AE28+1) -> 1
B29: =6 -> 6 | C29: ='01_INPUTS'!$C$7+(6-1)*7 -> 46286 | D29: =IF(INDEX('01_INPUTS'!$E$17:$E$31,MATCH(D$23,'01_INPUTS'!$B$17:$B$31,0))=0,IF(SUMIFS($AD$3:$AD$870,$AC$3:$AC$870,D$23,$AE$3:$AE$870,"<="&$B29,$AF$3:$AF$870,">="&$B29)=0,0,9.99),SUMIFS($AD$3:$AD$870,$AC$3:$AC$870,D$23,$AE$3:$AE$870,"<="&$B29,$AF$3:$AF$870,">="&$B29)/INDEX('01_INPUTS'!$E$17:$E$31,MATCH(D$23,'01_INPUTS'!$B$17:$B$31,0))) -> 1.5 | E29: =IF(INDEX('01_INPUTS'!$E$17:$E$31,MATCH(E$23,'01_INPUTS'!$B$17:$B$31,0))=0,IF(SUMIFS($AD$3:$AD$870,$AC$3:$AC$870,E$23,$AE$3:$AE$870,"<="&$B29,$AF$3:$AF$870,">="&$B29)=0,0,9.99),SUMIFS($AD$3:$AD$870,$AC$3:$AC$870,E$23,$AE$3:$AE$870,"<="&$B29,$AF$3:$AF$870,">="&$B29)/INDEX('01_INPUTS'!$E$17:$E$31,MATCH(E$23,'01_INPUTS'!$B$17:$B$31,0))) -> 0 | F29: =IF(INDEX('01_INPUTS'!$E$17:$E$31,MATCH(F$23,'01_INPUTS'!$B$17:$B$31,0))=0,IF(SUMIFS($AD$3:$AD$870,$AC$3:$AC$870,F$23,$AE$3:$AE$870,"<="&$B29,$AF$3:$AF$870,">="&$B29)=0,0,9.99),SUMIFS($AD$3:$AD$870,$AC$3:$AC$870,F$23,$AE$3:$AE$870,"<="&$B29,$AF$3:$AF$870,">="&$B29)/INDEX('01_INPUTS'!$E$17:$E$31,MATCH(F$23,'01_INPUTS'!$B$17:$B$31,0))) -> 0 | G29: =IF(INDEX('01_INPUTS'!$E$17:$E$31,MATCH(G$23,'01_INPUTS'!$B$17:$B$31,0))=0,IF(SUMIFS($AD$3:$AD$870,$AC$3:$AC$870,G$23,$AE$3:$AE$870,"<="&$B29,$AF$3:$AF$870,">="&$B29)=0,0,9.99),SUMIFS($AD$3:$AD$870,$AC$3:$AC$870,G$23,$AE$3:$AE$870,"<="&$B29,$AF$3:$AF$870,">="&$B29)/INDEX('01_INPUTS'!$E$17:$E$31,MATCH(G$23,'01_INPUTS'!$B$17:$B$31,0))) -> 0 | H29: =IF(INDEX('01_INPUTS'!$E$17:$E$31,MATCH(H$23,'01_INPUTS'!$B$17:$B$31,0))=0,IF(SUMIFS($AD$3:$AD$870,$AC$3:$AC$870,H$23,$AE$3:$AE$870,"<="&$B29,$AF$3:$AF$870,">="&$B29)=0,0,9.99),SUMIFS($AD$3:$AD$870,$AC$3:$AC$870,H$23,$AE$3:$AE$870,"<="&$B29,$AF$3:$AF$870,">="&$B29)/INDEX('01_INPUTS'!$E$17:$E$31,MATCH(H$23,'01_INPUTS'!$B$17:$B$31,0))) -> 1.5 | I29: =IF(INDEX('01_INPUTS'!$E$17:$E$31,MATCH(I$23,'01_INPUTS'!$B$17:$B$31,0))=0,IF(SUMIFS($AD$3:$AD$870,$AC$3:$AC$870,I$23,$AE$3:$AE$870,"<="&$B29,$AF$3:$AF$870,">="&$B29)=0,0,9.99),SUMIFS($AD$3:$AD$870,$AC$3:$AC$870,I$23,$AE$3:$AE$870,"<="&$B29,$AF$3:$AF$870,">="&$B29)/INDEX('01_INPUTS'!$E$17:$E$31,MATCH(I$23,'01_INPUTS'!$B$17:$B$31,0))) -> 0 | J29: =IF(INDEX('01_INPUTS'!$E$17:$E$31,MATCH(J$23,'01_INPUTS'!$B$17:$B$31,0))=0,IF(SUMIFS($AD$3:$AD$870,$AC$3:$AC$870,J$23,$AE$3:$AE$870,"<="&$B29,$AF$3:$AF$870,">="&$B29)=0,0,9.99),SUMIFS($AD$3:$AD$870,$AC$3:$AC$870,J$23,$AE$3:$AE$870,"<="&$B29,$AF$3:$AF$870,">="&$B29)/INDEX('01_INPUTS'!$E$17:$E$31,MATCH(J$23,'01_INPUTS'!$B$17:$B$31,0))) -> 1.5 | K29: =IF(INDEX('01_INPUTS'!$E$17:$E$31,MATCH(K$23,'01_INPUTS'!$B$17:$B$31,0))=0,IF(SUMIFS($AD$3:$AD$870,$AC$3:$AC$870,K$23,$AE$3:$AE$870,"<="&$B29,$AF$3:$AF$870,">="&$B29)=0,0,9.99),SUMIFS($AD$3:$AD$870,$AC$3:$AC$870,K$23,$AE$3:$AE$870,"<="&$B29,$AF$3:$AF$870,">="&$B29)/INDEX('01_INPUTS'!$E$17:$E$31,MATCH(K$23,'01_INPUTS'!$B$17:$B$31,0))) -> 1.5 | ... R29: =IF(INDEX('01_INPUTS'!$E$17:$E$31,MATCH(R$23,'01_INPUTS'!$B$17:$B$31,0))=0,IF(SUMIFS($AD$3:$AD$870,$AC$3:$AC$870,R$23,$AE$3:$AE$870,"<="&$B29,$AF$3:$AF$870,">="&$B29)=0,0,9.99),SUMIFS($AD$3:$AD$870,$AC$3:$AC$870,R$23,$AE$3:$AE$870,"<="&$B29,$AF$3:$AF$870,">="&$B29)/INDEX('01_INPUTS'!$E$17:$E$31,MATCH(R$23,'01_INPUTS'!$B$17:$B$31,0))) -> 0 | S29: =SUMIFS($AD$3:$AD$870,$AE$3:$AE$870,"<="&B29,$AF$3:$AF$870,">="&B29) -> 18 | T29: =SUM('01_INPUTS'!$E$17:$E$31) -> 20 | U29: =IFERROR(S29/T29,0) -> 0.9 | V29: =COUNTIF(D29:R29,">1") -> 9 | W29: =IF(MAX(D29:R29)>1,"ROJO",IF(MAX(D29:R29)>0.8,"AMARILLO","VERDE")) -> ROJO | AA29: ='Sites Master'!$B$2 -> Site 01 | AB29: ='Phase-Resource Allocation'!$B$90 -> UAT | AC29: ='Phase-Resource Allocation'!$C$90 -> Azure Specialist | AD29: ='Phase-Resource Allocation'!$D$90 -> 0.5 | AE29: =IFERROR(INDEX('02_SCHEDULE'!$K$5:$K$124,MATCH(AA29&"|"&AB29,'02_SCHEDULE'!$M$5:$M$124,0)),0) -> 7 | AF29: =IFERROR(INDEX('02_SCHEDULE'!$L$5:$L$124,MATCH(AA29&"|"&AB29,'02_SCHEDULE'!$M$5:$M$124,0)),0) -> 8 | AG29: =AD29*(AF29-AE29+1) -> 1
B30: =7 -> 7 | C30: ='01_INPUTS'!$C$7+(7-1)*7 -> 46293 | D30: =IF(INDEX('01_INPUTS'!$E$17:$E$31,MATCH(D$23,'01_INPUTS'!$B$17:$B$31,0))=0,IF(SUMIFS($AD$3:$AD$870,$AC$3:$AC$870,D$23,$AE$3:$AE$870,"<="&$B30,$AF$3:$AF$870,">="&$B30)=0,0,9.99),SUMIFS($AD$3:$AD$870,$AC$3:$AC$870,D$23,$AE$3:$AE$870,"<="&$B30,$AF$3:$AF$870,">="&$B30)/INDEX('01_INPUTS'!$E$17:$E$31,MATCH(D$23,'01_INPUTS'!$B$17:$B$31,0))) -> 1.5 | E30: =IF(INDEX('01_INPUTS'!$E$17:$E$31,MATCH(E$23,'01_INPUTS'!$B$17:$B$31,0))=0,IF(SUMIFS($AD$3:$AD$870,$AC$3:$AC$870,E$23,$AE$3:$AE$870,"<="&$B30,$AF$3:$AF$870,">="&$B30)=0,0,9.99),SUMIFS($AD$3:$AD$870,$AC$3:$AC$870,E$23,$AE$3:$AE$870,"<="&$B30,$AF$3:$AF$870,">="&$B30)/INDEX('01_INPUTS'!$E$17:$E$31,MATCH(E$23,'01_INPUTS'!$B$17:$B$31,0))) -> 0 | F30: =IF(INDEX('01_INPUTS'!$E$17:$E$31,MATCH(F$23,'01_INPUTS'!$B$17:$B$31,0))=0,IF(SUMIFS($AD$3:$AD$870,$AC$3:$AC$870,F$23,$AE$3:$AE$870,"<="&$B30,$AF$3:$AF$870,">="&$B30)=0,0,9.99),SUMIFS($AD$3:$AD$870,$AC$3:$AC$870,F$23,$AE$3:$AE$870,"<="&$B30,$AF$3:$AF$870,">="&$B30)/INDEX('01_INPUTS'!$E$17:$E$31,MATCH(F$23,'01_INPUTS'!$B$17:$B$31,0))) -> 0 | G30: =IF(INDEX('01_INPUTS'!$E$17:$E$31,MATCH(G$23,'01_INPUTS'!$B$17:$B$31,0))=0,IF(SUMIFS($AD$3:$AD$870,$AC$3:$AC$870,G$23,$AE$3:$AE$870,"<="&$B30,$AF$3:$AF$870,">="&$B30)=0,0,9.99),SUMIFS($AD$3:$AD$870,$AC$3:$AC$870,G$23,$AE$3:$AE$870,"<="&$B30,$AF$3:$AF$870,">="&$B30)/INDEX('01_INPUTS'!$E$17:$E$31,MATCH(G$23,'01_INPUTS'!$B$17:$B$31,0))) -> 0 | H30: =IF(INDEX('01_INPUTS'!$E$17:$E$31,MATCH(H$23,'01_INPUTS'!$B$17:$B$31,0))=0,IF(SUMIFS($AD$3:$AD$870,$AC$3:$AC$870,H$23,$AE$3:$AE$870,"<="&$B30,$AF$3:$AF$870,">="&$B30)=0,0,9.99),SUMIFS($AD$3:$AD$870,$AC$3:$AC$870,H$23,$AE$3:$AE$870,"<="&$B30,$AF$3:$AF$870,">="&$B30)/INDEX('01_INPUTS'!$E$17:$E$31,MATCH(H$23,'01_INPUTS'!$B$17:$B$31,0))) -> 1.5 | I30: =IF(INDEX('01_INPUTS'!$E$17:$E$31,MATCH(I$23,'01_INPUTS'!$B$17:$B$31,0))=0,IF(SUMIFS($AD$3:$AD$870,$AC$3:$AC$870,I$23,$AE$3:$AE$870,"<="&$B30,$AF$3:$AF$870,">="&$B30)=0,0,9.99),SUMIFS($AD$3:$AD$870,$AC$3:$AC$870,I$23,$AE$3:$AE$870,"<="&$B30,$AF$3:$AF$870,">="&$B30)/INDEX('01_INPUTS'!$E$17:$E$31,MATCH(I$23,'01_INPUTS'!$B$17:$B$31,0))) -> 0 | J30: =IF(INDEX('01_INPUTS'!$E$17:$E$31,MATCH(J$23,'01_INPUTS'!$B$17:$B$31,0))=0,IF(SUMIFS($AD$3:$AD$870,$AC$3:$AC$870,J$23,$AE$3:$AE$870,"<="&$B30,$AF$3:$AF$870,">="&$B30)=0,0,9.99),SUMIFS($AD$3:$AD$870,$AC$3:$AC$870,J$23,$AE$3:$AE$870,"<="&$B30,$AF$3:$AF$870,">="&$B30)/INDEX('01_INPUTS'!$E$17:$E$31,MATCH(J$23,'01_INPUTS'!$B$17:$B$31,0))) -> 1.5 | K30: =IF(INDEX('01_INPUTS'!$E$17:$E$31,MATCH(K$23,'01_INPUTS'!$B$17:$B$31,0))=0,IF(SUMIFS($AD$3:$AD$870,$AC$3:$AC$870,K$23,$AE$3:$AE$870,"<="&$B30,$AF$3:$AF$870,">="&$B30)=0,0,9.99),SUMIFS($AD$3:$AD$870,$AC$3:$AC$870,K$23,$AE$3:$AE$870,"<="&$B30,$AF$3:$AF$870,">="&$B30)/INDEX('01_INPUTS'!$E$17:$E$31,MATCH(K$23,'01_INPUTS'!$B$17:$B$31,0))) -> 1.5 | ... R30: =IF(INDEX('01_INPUTS'!$E$17:$E$31,MATCH(R$23,'01_INPUTS'!$B$17:$B$31,0))=0,IF(SUMIFS($AD$3:$AD$870,$AC$3:$AC$870,R$23,$AE$3:$AE$870,"<="&$B30,$AF$3:$AF$870,">="&$B30)=0,0,9.99),SUMIFS($AD$3:$AD$870,$AC$3:$AC$870,R$23,$AE$3:$AE$870,"<="&$B30,$AF$3:$AF$870,">="&$B30)/INDEX('01_INPUTS'!$E$17:$E$31,MATCH(R$23,'01_INPUTS'!$B$17:$B$31,0))) -> 0 | S30: =SUMIFS($AD$3:$AD$870,$AE$3:$AE$870,"<="&B30,$AF$3:$AF$870,">="&B30) -> 18 | T30: =SUM('01_INPUTS'!$E$17:$E$31) -> 20 | U30: =IFERROR(S30/T30,0) -> 0.9 | V30: =COUNTIF(D30:R30,">1") -> 9 | W30: =IF(MAX(D30:R30)>1,"ROJO",IF(MAX(D30:R30)>0.8,"AMARILLO","VERDE")) -> ROJO | AA30: ='Sites Master'!$B$2 -> Site 01 | AB30: ='Phase-Resource Allocation'!$B$91 -> UAT | AC30: ='Phase-Resource Allocation'!$C$91 -> Testing Lead | AD30: ='Phase-Resource Allocation'!$D$91 -> 0.5 | AE30: =IFERROR(INDEX('02_SCHEDULE'!$K$5:$K$124,MATCH(AA30&"|"&AB30,'02_SCHEDULE'!$M$5:$M$124,0)),0) -> 7 | AF30: =IFERROR(INDEX('02_SCHEDULE'!$L$5:$L$124,MATCH(AA30&"|"&AB30,'02_SCHEDULE'!$M$5:$M$124,0)),0) -> 8 | AG30: =AD30*(AF30-AE30+1) -> 1
B31: =8 -> 8 | C31: ='01_INPUTS'!$C$7+(8-1)*7 -> 46300 | D31: =IF(INDEX('01_INPUTS'!$E$17:$E$31,MATCH(D$23,'01_INPUTS'!$B$17:$B$31,0))=0,IF(SUMIFS($AD$3:$AD$870,$AC$3:$AC$870,D$23,$AE$3:$AE$870,"<="&$B31,$AF$3:$AF$870,">="&$B31)=0,0,9.99),SUMIFS($AD$3:$AD$870,$AC$3:$AC$870,D$23,$AE$3:$AE$870,"<="&$B31,$AF$3:$AF$870,">="&$B31)/INDEX('01_INPUTS'!$E$17:$E$31,MATCH(D$23,'01_INPUTS'!$B$17:$B$31,0))) -> 1.5 | E31: =IF(INDEX('01_INPUTS'!$E$17:$E$31,MATCH(E$23,'01_INPUTS'!$B$17:$B$31,0))=0,IF(SUMIFS($AD$3:$AD$870,$AC$3:$AC$870,E$23,$AE$3:$AE$870,"<="&$B31,$AF$3:$AF$870,">="&$B31)=0,0,9.99),SUMIFS($AD$3:$AD$870,$AC$3:$AC$870,E$23,$AE$3:$AE$870,"<="&$B31,$AF$3:$AF$870,">="&$B31)/INDEX('01_INPUTS'!$E$17:$E$31,MATCH(E$23,'01_INPUTS'!$B$17:$B$31,0))) -> 0 | F31: =IF(INDEX('01_INPUTS'!$E$17:$E$31,MATCH(F$23,'01_INPUTS'!$B$17:$B$31,0))=0,IF(SUMIFS($AD$3:$AD$870,$AC$3:$AC$870,F$23,$AE$3:$AE$870,"<="&$B31,$AF$3:$AF$870,">="&$B31)=0,0,9.99),SUMIFS($AD$3:$AD$870,$AC$3:$AC$870,F$23,$AE$3:$AE$870,"<="&$B31,$AF$3:$AF$870,">="&$B31)/INDEX('01_INPUTS'!$E$17:$E$31,MATCH(F$23,'01_INPUTS'!$B$17:$B$31,0))) -> 0 | G31: =IF(INDEX('01_INPUTS'!$E$17:$E$31,MATCH(G$23,'01_INPUTS'!$B$17:$B$31,0))=0,IF(SUMIFS($AD$3:$AD$870,$AC$3:$AC$870,G$23,$AE$3:$AE$870,"<="&$B31,$AF$3:$AF$870,">="&$B31)=0,0,9.99),SUMIFS($AD$3:$AD$870,$AC$3:$AC$870,G$23,$AE$3:$AE$870,"<="&$B31,$AF$3:$AF$870,">="&$B31)/INDEX('01_INPUTS'!$E$17:$E$31,MATCH(G$23,'01_INPUTS'!$B$17:$B$31,0))) -> 0 | H31: =IF(INDEX('01_INPUTS'!$E$17:$E$31,MATCH(H$23,'01_INPUTS'!$B$17:$B$31,0))=0,IF(SUMIFS($AD$3:$AD$870,$AC$3:$AC$870,H$23,$AE$3:$AE$870,"<="&$B31,$AF$3:$AF$870,">="&$B31)=0,0,9.99),SUMIFS($AD$3:$AD$870,$AC$3:$AC$870,H$23,$AE$3:$AE$870,"<="&$B31,$AF$3:$AF$870,">="&$B31)/INDEX('01_INPUTS'!$E$17:$E$31,MATCH(H$23,'01_INPUTS'!$B$17:$B$31,0))) -> 1.5 | I31: =IF(INDEX('01_INPUTS'!$E$17:$E$31,MATCH(I$23,'01_INPUTS'!$B$17:$B$31,0))=0,IF(SUMIFS($AD$3:$AD$870,$AC$3:$AC$870,I$23,$AE$3:$AE$870,"<="&$B31,$AF$3:$AF$870,">="&$B31)=0,0,9.99),SUMIFS($AD$3:$AD$870,$AC$3:$AC$870,I$23,$AE$3:$AE$870,"<="&$B31,$AF$3:$AF$870,">="&$B31)/INDEX('01_INPUTS'!$E$17:$E$31,MATCH(I$23,'01_INPUTS'!$B$17:$B$31,0))) -> 0 | J31: =IF(INDEX('01_INPUTS'!$E$17:$E$31,MATCH(J$23,'01_INPUTS'!$B$17:$B$31,0))=0,IF(SUMIFS($AD$3:$AD$870,$AC$3:$AC$870,J$23,$AE$3:$AE$870,"<="&$B31,$AF$3:$AF$870,">="&$B31)=0,0,9.99),SUMIFS($AD$3:$AD$870,$AC$3:$AC$870,J$23,$AE$3:$AE$870,"<="&$B31,$AF$3:$AF$870,">="&$B31)/INDEX('01_INPUTS'!$E$17:$E$31,MATCH(J$23,'01_INPUTS'!$B$17:$B$31,0))) -> 1.5 | K31: =IF(INDEX('01_INPUTS'!$E$17:$E$31,MATCH(K$23,'01_INPUTS'!$B$17:$B$31,0))=0,IF(SUMIFS($AD$3:$AD$870,$AC$3:$AC$870,K$23,$AE$3:$AE$870,"<="&$B31,$AF$3:$AF$870,">="&$B31)=0,0,9.99),SUMIFS($AD$3:$AD$870,$AC$3:$AC$870,K$23,$AE$3:$AE$870,"<="&$B31,$AF$3:$AF$870,">="&$B31)/INDEX('01_INPUTS'!$E$17:$E$31,MATCH(K$23,'01_INPUTS'!$B$17:$B$31,0))) -> 1.5 | ... R31: =IF(INDEX('01_INPUTS'!$E$17:$E$31,MATCH(R$23,'01_INPUTS'!$B$17:$B$31,0))=0,IF(SUMIFS($AD$3:$AD$870,$AC$3:$AC$870,R$23,$AE$3:$AE$870,"<="&$B31,$AF$3:$AF$870,">="&$B31)=0,0,9.99),SUMIFS($AD$3:$AD$870,$AC$3:$AC$870,R$23,$AE$3:$AE$870,"<="&$B31,$AF$3:$AF$870,">="&$B31)/INDEX('01_INPUTS'!$E$17:$E$31,MATCH(R$23,'01_INPUTS'!$B$17:$B$31,0))) -> 0 | S31: =SUMIFS($AD$3:$AD$870,$AE$3:$AE$870,"<="&B31,$AF$3:$AF$870,">="&B31) -> 18 | T31: =SUM('01_INPUTS'!$E$17:$E$31) -> 20 | U31: =IFERROR(S31/T31,0) -> 0.9 | V31: =COUNTIF(D31:R31,">1") -> 9 | W31: =IF(MAX(D31:R31)>1,"ROJO",IF(MAX(D31:R31)>0.8,"AMARILLO","VERDE")) -> ROJO | AA31: ='Sites Master'!$B$2 -> Site 01 | AB31: ='Phase-Resource Allocation'!$B$92 -> UAT | AC31: ='Phase-Resource Allocation'!$C$92 -> Functional Lead | AD31: ='Phase-Resource Allocation'!$D$92 -> 1 | AE31: =IFERROR(INDEX('02_SCHEDULE'!$K$5:$K$124,MATCH(AA31&"|"&AB31,'02_SCHEDULE'!$M$5:$M$124,0)),0) -> 7 | AF31: =IFERROR(INDEX('02_SCHEDULE'!$L$5:$L$124,MATCH(AA31&"|"&AB31,'02_SCHEDULE'!$M$5:$M$124,0)),0) -> 8 | AG31: =AD31*(AF31-AE31+1) -> 2
B32: =9 -> 9 | C32: ='01_INPUTS'!$C$7+(9-1)*7 -> 46307 | D32: =IF(INDEX('01_INPUTS'!$E$17:$E$31,MATCH(D$23,'01_INPUTS'!$B$17:$B$31,0))=0,IF(SUMIFS($AD$3:$AD$870,$AC$3:$AC$870,D$23,$AE$3:$AE$870,"<="&$B32,$AF$3:$AF$870,">="&$B32)=0,0,9.99),SUMIFS($AD$3:$AD$870,$AC$3:$AC$870,D$23,$AE$3:$AE$870,"<="&$B32,$AF$3:$AF$870,">="&$B32)/INDEX('01_INPUTS'!$E$17:$E$31,MATCH(D$23,'01_INPUTS'!$B$17:$B$31,0))) -> 0 | E32: =IF(INDEX('01_INPUTS'!$E$17:$E$31,MATCH(E$23,'01_INPUTS'!$B$17:$B$31,0))=0,IF(SUMIFS($AD$3:$AD$870,$AC$3:$AC$870,E$23,$AE$3:$AE$870,"<="&$B32,$AF$3:$AF$870,">="&$B32)=0,0,9.99),SUMIFS($AD$3:$AD$870,$AC$3:$AC$870,E$23,$AE$3:$AE$870,"<="&$B32,$AF$3:$AF$870,">="&$B32)/INDEX('01_INPUTS'!$E$17:$E$31,MATCH(E$23,'01_INPUTS'!$B$17:$B$31,0))) -> 0 | F32: =IF(INDEX('01_INPUTS'!$E$17:$E$31,MATCH(F$23,'01_INPUTS'!$B$17:$B$31,0))=0,IF(SUMIFS($AD$3:$AD$870,$AC$3:$AC$870,F$23,$AE$3:$AE$870,"<="&$B32,$AF$3:$AF$870,">="&$B32)=0,0,9.99),SUMIFS($AD$3:$AD$870,$AC$3:$AC$870,F$23,$AE$3:$AE$870,"<="&$B32,$AF$3:$AF$870,">="&$B32)/INDEX('01_INPUTS'!$E$17:$E$31,MATCH(F$23,'01_INPUTS'!$B$17:$B$31,0))) -> 0 | G32: =IF(INDEX('01_INPUTS'!$E$17:$E$31,MATCH(G$23,'01_INPUTS'!$B$17:$B$31,0))=0,IF(SUMIFS($AD$3:$AD$870,$AC$3:$AC$870,G$23,$AE$3:$AE$870,"<="&$B32,$AF$3:$AF$870,">="&$B32)=0,0,9.99),SUMIFS($AD$3:$AD$870,$AC$3:$AC$870,G$23,$AE$3:$AE$870,"<="&$B32,$AF$3:$AF$870,">="&$B32)/INDEX('01_INPUTS'!$E$17:$E$31,MATCH(G$23,'01_INPUTS'!$B$17:$B$31,0))) -> 0 | H32: =IF(INDEX('01_INPUTS'!$E$17:$E$31,MATCH(H$23,'01_INPUTS'!$B$17:$B$31,0))=0,IF(SUMIFS($AD$3:$AD$870,$AC$3:$AC$870,H$23,$AE$3:$AE$870,"<="&$B32,$AF$3:$AF$870,">="&$B32)=0,0,9.99),SUMIFS($AD$3:$AD$870,$AC$3:$AC$870,H$23,$AE$3:$AE$870,"<="&$B32,$AF$3:$AF$870,">="&$B32)/INDEX('01_INPUTS'!$E$17:$E$31,MATCH(H$23,'01_INPUTS'!$B$17:$B$31,0))) -> 1.5 | I32: =IF(INDEX('01_INPUTS'!$E$17:$E$31,MATCH(I$23,'01_INPUTS'!$B$17:$B$31,0))=0,IF(SUMIFS($AD$3:$AD$870,$AC$3:$AC$870,I$23,$AE$3:$AE$870,"<="&$B32,$AF$3:$AF$870,">="&$B32)=0,0,9.99),SUMIFS($AD$3:$AD$870,$AC$3:$AC$870,I$23,$AE$3:$AE$870,"<="&$B32,$AF$3:$AF$870,">="&$B32)/INDEX('01_INPUTS'!$E$17:$E$31,MATCH(I$23,'01_INPUTS'!$B$17:$B$31,0))) -> 0 | J32: =IF(INDEX('01_INPUTS'!$E$17:$E$31,MATCH(J$23,'01_INPUTS'!$B$17:$B$31,0))=0,IF(SUMIFS($AD$3:$AD$870,$AC$3:$AC$870,J$23,$AE$3:$AE$870,"<="&$B32,$AF$3:$AF$870,">="&$B32)=0,0,9.99),SUMIFS($AD$3:$AD$870,$AC$3:$AC$870,J$23,$AE$3:$AE$870,"<="&$B32,$AF$3:$AF$870,">="&$B32)/INDEX('01_INPUTS'!$E$17:$E$31,MATCH(J$23,'01_INPUTS'!$B$17:$B$31,0))) -> 0 | K32: =IF(INDEX('01_INPUTS'!$E$17:$E$31,MATCH(K$23,'01_INPUTS'!$B$17:$B$31,0))=0,IF(SUMIFS($AD$3:$AD$870,$AC$3:$AC$870,K$23,$AE$3:$AE$870,"<="&$B32,$AF$3:$AF$870,">="&$B32)=0,0,9.99),SUMIFS($AD$3:$AD$870,$AC$3:$AC$870,K$23,$AE$3:$AE$870,"<="&$B32,$AF$3:$AF$870,">="&$B32)/INDEX('01_INPUTS'!$E$17:$E$31,MATCH(K$23,'01_INPUTS'!$B$17:$B$31,0))) -> 0 | ... R32: =IF(INDEX('01_INPUTS'!$E$17:$E$31,MATCH(R$23,'01_INPUTS'!$B$17:$B$31,0))=0,IF(SUMIFS($AD$3:$AD$870,$AC$3:$AC$870,R$23,$AE$3:$AE$870,"<="&$B32,$AF$3:$AF$870,">="&$B32)=0,0,9.99),SUMIFS($AD$3:$AD$870,$AC$3:$AC$870,R$23,$AE$3:$AE$870,"<="&$B32,$AF$3:$AF$870,">="&$B32)/INDEX('01_INPUTS'!$E$17:$E$31,MATCH(R$23,'01_INPUTS'!$B$17:$B$31,0))) -> 0 | S32: =SUMIFS($AD$3:$AD$870,$AE$3:$AE$870,"<="&B32,$AF$3:$AF$870,">="&B32) -> 6 | T32: =SUM('01_INPUTS'!$E$17:$E$31) -> 20 | U32: =IFERROR(S32/T32,0) -> 0.3 | V32: =COUNTIF(D32:R32,">1") -> 2 | W32: =IF(MAX(D32:R32)>1,"ROJO",IF(MAX(D32:R32)>0.8,"AMARILLO","VERDE")) -> ROJO | AA32: ='Sites Master'!$B$2 -> Site 01 | AB32: ='Phase-Resource Allocation'!$B$93 -> UAT | AC32: ='Phase-Resource Allocation'!$C$93 -> Trainers | AD32: ='Phase-Resource Allocation'!$D$93 -> 1 | AE32: =IFERROR(INDEX('02_SCHEDULE'!$K$5:$K$124,MATCH(AA32&"|"&AB32,'02_SCHEDULE'!$M$5:$M$124,0)),0) -> 7 | AF32: =IFERROR(INDEX('02_SCHEDULE'!$L$5:$L$124,MATCH(AA32&"|"&AB32,'02_SCHEDULE'!$M$5:$M$124,0)),0) -> 8 | AG32: =AD32*(AF32-AE32+1) -> 2
B33: =10 -> 10 | C33: ='01_INPUTS'!$C$7+(10-1)*7 -> 46314 | D33: =IF(INDEX('01_INPUTS'!$E$17:$E$31,MATCH(D$23,'01_INPUTS'!$B$17:$B$31,0))=0,IF(SUMIFS($AD$3:$AD$870,$AC$3:$AC$870,D$23,$AE$3:$AE$870,"<="&$B33,$AF$3:$AF$870,">="&$B33)=0,0,9.99),SUMIFS($AD$3:$AD$870,$AC$3:$AC$870,D$23,$AE$3:$AE$870,"<="&$B33,$AF$3:$AF$870,">="&$B33)/INDEX('01_INPUTS'!$E$17:$E$31,MATCH(D$23,'01_INPUTS'!$B$17:$B$31,0))) -> 0 | E33: =IF(INDEX('01_INPUTS'!$E$17:$E$31,MATCH(E$23,'01_INPUTS'!$B$17:$B$31,0))=0,IF(SUMIFS($AD$3:$AD$870,$AC$3:$AC$870,E$23,$AE$3:$AE$870,"<="&$B33,$AF$3:$AF$870,">="&$B33)=0,0,9.99),SUMIFS($AD$3:$AD$870,$AC$3:$AC$870,E$23,$AE$3:$AE$870,"<="&$B33,$AF$3:$AF$870,">="&$B33)/INDEX('01_INPUTS'!$E$17:$E$31,MATCH(E$23,'01_INPUTS'!$B$17:$B$31,0))) -> 0 | F33: =IF(INDEX('01_INPUTS'!$E$17:$E$31,MATCH(F$23,'01_INPUTS'!$B$17:$B$31,0))=0,IF(SUMIFS($AD$3:$AD$870,$AC$3:$AC$870,F$23,$AE$3:$AE$870,"<="&$B33,$AF$3:$AF$870,">="&$B33)=0,0,9.99),SUMIFS($AD$3:$AD$870,$AC$3:$AC$870,F$23,$AE$3:$AE$870,"<="&$B33,$AF$3:$AF$870,">="&$B33)/INDEX('01_INPUTS'!$E$17:$E$31,MATCH(F$23,'01_INPUTS'!$B$17:$B$31,0))) -> 0 | G33: =IF(INDEX('01_INPUTS'!$E$17:$E$31,MATCH(G$23,'01_INPUTS'!$B$17:$B$31,0))=0,IF(SUMIFS($AD$3:$AD$870,$AC$3:$AC$870,G$23,$AE$3:$AE$870,"<="&$B33,$AF$3:$AF$870,">="&$B33)=0,0,9.99),SUMIFS($AD$3:$AD$870,$AC$3:$AC$870,G$23,$AE$3:$AE$870,"<="&$B33,$AF$3:$AF$870,">="&$B33)/INDEX('01_INPUTS'!$E$17:$E$31,MATCH(G$23,'01_INPUTS'!$B$17:$B$31,0))) -> 0 | H33: =IF(INDEX('01_INPUTS'!$E$17:$E$31,MATCH(H$23,'01_INPUTS'!$B$17:$B$31,0))=0,IF(SUMIFS($AD$3:$AD$870,$AC$3:$AC$870,H$23,$AE$3:$AE$870,"<="&$B33,$AF$3:$AF$870,">="&$B33)=0,0,9.99),SUMIFS($AD$3:$AD$870,$AC$3:$AC$870,H$23,$AE$3:$AE$870,"<="&$B33,$AF$3:$AF$870,">="&$B33)/INDEX('01_INPUTS'!$E$17:$E$31,MATCH(H$23,'01_INPUTS'!$B$17:$B$31,0))) -> 1.5 | I33: =IF(INDEX('01_INPUTS'!$E$17:$E$31,MATCH(I$23,'01_INPUTS'!$B$17:$B$31,0))=0,IF(SUMIFS($AD$3:$AD$870,$AC$3:$AC$870,I$23,$AE$3:$AE$870,"<="&$B33,$AF$3:$AF$870,">="&$B33)=0,0,9.99),SUMIFS($AD$3:$AD$870,$AC$3:$AC$870,I$23,$AE$3:$AE$870,"<="&$B33,$AF$3:$AF$870,">="&$B33)/INDEX('01_INPUTS'!$E$17:$E$31,MATCH(I$23,'01_INPUTS'!$B$17:$B$31,0))) -> 0 | J33: =IF(INDEX('01_INPUTS'!$E$17:$E$31,MATCH(J$23,'01_INPUTS'!$B$17:$B$31,0))=0,IF(SUMIFS($AD$3:$AD$870,$AC$3:$AC$870,J$23,$AE$3:$AE$870,"<="&$B33,$AF$3:$AF$870,">="&$B33)=0,0,9.99),SUMIFS($AD$3:$AD$870,$AC$3:$AC$870,J$23,$AE$3:$AE$870,"<="&$B33,$AF$3:$AF$870,">="&$B33)/INDEX('01_INPUTS'!$E$17:$E$31,MATCH(J$23,'01_INPUTS'!$B$17:$B$31,0))) -> 0 | K33: =IF(INDEX('01_INPUTS'!$E$17:$E$31,MATCH(K$23,'01_INPUTS'!$B$17:$B$31,0))=0,IF(SUMIFS($AD$3:$AD$870,$AC$3:$AC$870,K$23,$AE$3:$AE$870,"<="&$B33,$AF$3:$AF$870,">="&$B33)=0,0,9.99),SUMIFS($AD$3:$AD$870,$AC$3:$AC$870,K$23,$AE$3:$AE$870,"<="&$B33,$AF$3:$AF$870,">="&$B33)/INDEX('01_INPUTS'!$E$17:$E$31,MATCH(K$23,'01_INPUTS'!$B$17:$B$31,0))) -> 0 | ... R33: =IF(INDEX('01_INPUTS'!$E$17:$E$31,MATCH(R$23,'01_INPUTS'!$B$17:$B$31,0))=0,IF(SUMIFS($AD$3:$AD$870,$AC$3:$AC$870,R$23,$AE$3:$AE$870,"<="&$B33,$AF$3:$AF$870,">="&$B33)=0,0,9.99),SUMIFS($AD$3:$AD$870,$AC$3:$AC$870,R$23,$AE$3:$AE$870,"<="&$B33,$AF$3:$AF$870,">="&$B33)/INDEX('01_INPUTS'!$E$17:$E$31,MATCH(R$23,'01_INPUTS'!$B$17:$B$31,0))) -> 0 | S33: =SUMIFS($AD$3:$AD$870,$AE$3:$AE$870,"<="&B33,$AF$3:$AF$870,">="&B33) -> 6 | T33: =SUM('01_INPUTS'!$E$17:$E$31) -> 20 | U33: =IFERROR(S33/T33,0) -> 0.3 | V33: =COUNTIF(D33:R33,">1") -> 2 | W33: =IF(MAX(D33:R33)>1,"ROJO",IF(MAX(D33:R33)>0.8,"AMARILLO","VERDE")) -> ROJO | AA33: ='Sites Master'!$B$2 -> Site 01 | AB33: ='Phase-Resource Allocation'!$B$94 -> Training | AC33: ='Phase-Resource Allocation'!$C$94 -> Change Management Lead | AD33: ='Phase-Resource Allocation'!$D$94 -> 1 | AE33: =IFERROR(INDEX('02_SCHEDULE'!$K$5:$K$124,MATCH(AA33&"|"&AB33,'02_SCHEDULE'!$M$5:$M$124,0)),0) -> 9 | AF33: =IFERROR(INDEX('02_SCHEDULE'!$L$5:$L$124,MATCH(AA33&"|"&AB33,'02_SCHEDULE'!$M$5:$M$124,0)),0) -> 10 | AG33: =AD33*(AF33-AE33+1) -> 2
B34: =11 -> 11 | C34: ='01_INPUTS'!$C$7+(11-1)*7 -> 46321 | D34: =IF(INDEX('01_INPUTS'!$E$17:$E$31,MATCH(D$23,'01_INPUTS'!$B$17:$B$31,0))=0,IF(SUMIFS($AD$3:$AD$870,$AC$3:$AC$870,D$23,$AE$3:$AE$870,"<="&$B34,$AF$3:$AF$870,">="&$B34)=0,0,9.99),SUMIFS($AD$3:$AD$870,$AC$3:$AC$870,D$23,$AE$3:$AE$870,"<="&$B34,$AF$3:$AF$870,">="&$B34)/INDEX('01_INPUTS'!$E$17:$E$31,MATCH(D$23,'01_INPUTS'!$B$17:$B$31,0))) -> 1.5 | E34: =IF(INDEX('01_INPUTS'!$E$17:$E$31,MATCH(E$23,'01_INPUTS'!$B$17:$B$31,0))=0,IF(SUMIFS($AD$3:$AD$870,$AC$3:$AC$870,E$23,$AE$3:$AE$870,"<="&$B34,$AF$3:$AF$870,">="&$B34)=0,0,9.99),SUMIFS($AD$3:$AD$870,$AC$3:$AC$870,E$23,$AE$3:$AE$870,"<="&$B34,$AF$3:$AF$870,">="&$B34)/INDEX('01_INPUTS'!$E$17:$E$31,MATCH(E$23,'01_INPUTS'!$B$17:$B$31,0))) -> 0 | F34: =IF(INDEX('01_INPUTS'!$E$17:$E$31,MATCH(F$23,'01_INPUTS'!$B$17:$B$31,0))=0,IF(SUMIFS($AD$3:$AD$870,$AC$3:$AC$870,F$23,$AE$3:$AE$870,"<="&$B34,$AF$3:$AF$870,">="&$B34)=0,0,9.99),SUMIFS($AD$3:$AD$870,$AC$3:$AC$870,F$23,$AE$3:$AE$870,"<="&$B34,$AF$3:$AF$870,">="&$B34)/INDEX('01_INPUTS'!$E$17:$E$31,MATCH(F$23,'01_INPUTS'!$B$17:$B$31,0))) -> 0 | G34: =IF(INDEX('01_INPUTS'!$E$17:$E$31,MATCH(G$23,'01_INPUTS'!$B$17:$B$31,0))=0,IF(SUMIFS($AD$3:$AD$870,$AC$3:$AC$870,G$23,$AE$3:$AE$870,"<="&$B34,$AF$3:$AF$870,">="&$B34)=0,0,9.99),SUMIFS($AD$3:$AD$870,$AC$3:$AC$870,G$23,$AE$3:$AE$870,"<="&$B34,$AF$3:$AF$870,">="&$B34)/INDEX('01_INPUTS'!$E$17:$E$31,MATCH(G$23,'01_INPUTS'!$B$17:$B$31,0))) -> 0 | H34: =IF(INDEX('01_INPUTS'!$E$17:$E$31,MATCH(H$23,'01_INPUTS'!$B$17:$B$31,0))=0,IF(SUMIFS($AD$3:$AD$870,$AC$3:$AC$870,H$23,$AE$3:$AE$870,"<="&$B34,$AF$3:$AF$870,">="&$B34)=0,0,9.99),SUMIFS($AD$3:$AD$870,$AC$3:$AC$870,H$23,$AE$3:$AE$870,"<="&$B34,$AF$3:$AF$870,">="&$B34)/INDEX('01_INPUTS'!$E$17:$E$31,MATCH(H$23,'01_INPUTS'!$B$17:$B$31,0))) -> 1.5 | I34: =IF(INDEX('01_INPUTS'!$E$17:$E$31,MATCH(I$23,'01_INPUTS'!$B$17:$B$31,0))=0,IF(SUMIFS($AD$3:$AD$870,$AC$3:$AC$870,I$23,$AE$3:$AE$870,"<="&$B34,$AF$3:$AF$870,">="&$B34)=0,0,9.99),SUMIFS($AD$3:$AD$870,$AC$3:$AC$870,I$23,$AE$3:$AE$870,"<="&$B34,$AF$3:$AF$870,">="&$B34)/INDEX('01_INPUTS'!$E$17:$E$31,MATCH(I$23,'01_INPUTS'!$B$17:$B$31,0))) -> 0 | J34: =IF(INDEX('01_INPUTS'!$E$17:$E$31,MATCH(J$23,'01_INPUTS'!$B$17:$B$31,0))=0,IF(SUMIFS($AD$3:$AD$870,$AC$3:$AC$870,J$23,$AE$3:$AE$870,"<="&$B34,$AF$3:$AF$870,">="&$B34)=0,0,9.99),SUMIFS($AD$3:$AD$870,$AC$3:$AC$870,J$23,$AE$3:$AE$870,"<="&$B34,$AF$3:$AF$870,">="&$B34)/INDEX('01_INPUTS'!$E$17:$E$31,MATCH(J$23,'01_INPUTS'!$B$17:$B$31,0))) -> 1.5 | K34: =IF(INDEX('01_INPUTS'!$E$17:$E$31,MATCH(K$23,'01_INPUTS'!$B$17:$B$31,0))=0,IF(SUMIFS($AD$3:$AD$870,$AC$3:$AC$870,K$23,$AE$3:$AE$870,"<="&$B34,$AF$3:$AF$870,">="&$B34)=0,0,9.99),SUMIFS($AD$3:$AD$870,$AC$3:$AC$870,K$23,$AE$3:$AE$870,"<="&$B34,$AF$3:$AF$870,">="&$B34)/INDEX('01_INPUTS'!$E$17:$E$31,MATCH(K$23,'01_INPUTS'!$B$17:$B$31,0))) -> 0 | ... R34: =IF(INDEX('01_INPUTS'!$E$17:$E$31,MATCH(R$23,'01_INPUTS'!$B$17:$B$31,0))=0,IF(SUMIFS($AD$3:$AD$870,$AC$3:$AC$870,R$23,$AE$3:$AE$870,"<="&$B34,$AF$3:$AF$870,">="&$B34)=0,0,9.99),SUMIFS($AD$3:$AD$870,$AC$3:$AC$870,R$23,$AE$3:$AE$870,"<="&$B34,$AF$3:$AF$870,">="&$B34)/INDEX('01_INPUTS'!$E$17:$E$31,MATCH(R$23,'01_INPUTS'!$B$17:$B$31,0))) -> 0 | S34: =SUMIFS($AD$3:$AD$870,$AE$3:$AE$870,"<="&B34,$AF$3:$AF$870,">="&B34) -> 18 | T34: =SUM('01_INPUTS'!$E$17:$E$31) -> 20 | U34: =IFERROR(S34/T34,0) -> 0.9 | V34: =COUNTIF(D34:R34,">1") -> 7 | W34: =IF(MAX(D34:R34)>1,"ROJO",IF(MAX(D34:R34)>0.8,"AMARILLO","VERDE")) -> ROJO | AA34: ='Sites Master'!$B$2 -> Site 01 | AB34: ='Phase-Resource Allocation'!$B$95 -> Training | AC34: ='Phase-Resource Allocation'!$C$95 -> Trainers | AD34: ='Phase-Resource Allocation'!$D$95 -> 1 | AE34: =IFERROR(INDEX('02_SCHEDULE'!$K$5:$K$124,MATCH(AA34&"|"&AB34,'02_SCHEDULE'!$M$5:$M$124,0)),0) -> 9 | AF34: =IFERROR(INDEX('02_SCHEDULE'!$L$5:$L$124,MATCH(AA34&"|"&AB34,'02_SCHEDULE'!$M$5:$M$124,0)),0) -> 10 | AG34: =AD34*(AF34-AE34+1) -> 2
B35: =12 -> 12 | C35: ='01_INPUTS'!$C$7+(12-1)*7 -> 46328 | D35: =IF(INDEX('01_INPUTS'!$E$17:$E$31,MATCH(D$23,'01_INPUTS'!$B$17:$B$31,0))=0,IF(SUMIFS($AD$3:$AD$870,$AC$3:$AC$870,D$23,$AE$3:$AE$870,"<="&$B35,$AF$3:$AF$870,">="&$B35)=0,0,9.99),SUMIFS($AD$3:$AD$870,$AC$3:$AC$870,D$23,$AE$3:$AE$870,"<="&$B35,$AF$3:$AF$870,">="&$B35)/INDEX('01_INPUTS'!$E$17:$E$31,MATCH(D$23,'01_INPUTS'!$B$17:$B$31,0))) -> 3 | E35: =IF(INDEX('01_INPUTS'!$E$17:$E$31,MATCH(E$23,'01_INPUTS'!$B$17:$B$31,0))=0,IF(SUMIFS($AD$3:$AD$870,$AC$3:$AC$870,E$23,$AE$3:$AE$870,"<="&$B35,$AF$3:$AF$870,">="&$B35)=0,0,9.99),SUMIFS($AD$3:$AD$870,$AC$3:$AC$870,E$23,$AE$3:$AE$870,"<="&$B35,$AF$3:$AF$870,">="&$B35)/INDEX('01_INPUTS'!$E$17:$E$31,MATCH(E$23,'01_INPUTS'!$B$17:$B$31,0))) -> 0 | F35: =IF(INDEX('01_INPUTS'!$E$17:$E$31,MATCH(F$23,'01_INPUTS'!$B$17:$B$31,0))=0,IF(SUMIFS($AD$3:$AD$870,$AC$3:$AC$870,F$23,$AE$3:$AE$870,"<="&$B35,$AF$3:$AF$870,">="&$B35)=0,0,9.99),SUMIFS($AD$3:$AD$870,$AC$3:$AC$870,F$23,$AE$3:$AE$870,"<="&$B35,$AF$3:$AF$870,">="&$B35)/INDEX('01_INPUTS'!$E$17:$E$31,MATCH(F$23,'01_INPUTS'!$B$17:$B$31,0))) -> 0 | G35: =IF(INDEX('01_INPUTS'!$E$17:$E$31,MATCH(G$23,'01_INPUTS'!$B$17:$B$31,0))=0,IF(SUMIFS($AD$3:$AD$870,$AC$3:$AC$870,G$23,$AE$3:$AE$870,"<="&$B35,$AF$3:$AF$870,">="&$B35)=0,0,9.99),SUMIFS($AD$3:$AD$870,$AC$3:$AC$870,G$23,$AE$3:$AE$870,"<="&$B35,$AF$3:$AF$870,">="&$B35)/INDEX('01_INPUTS'!$E$17:$E$31,MATCH(G$23,'01_INPUTS'!$B$17:$B$31,0))) -> 0 | H35: =IF(INDEX('01_INPUTS'!$E$17:$E$31,MATCH(H$23,'01_INPUTS'!$B$17:$B$31,0))=0,IF(SUMIFS($AD$3:$AD$870,$AC$3:$AC$870,H$23,$AE$3:$AE$870,"<="&$B35,$AF$3:$AF$870,">="&$B35)=0,0,9.99),SUMIFS($AD$3:$AD$870,$AC$3:$AC$870,H$23,$AE$3:$AE$870,"<="&$B35,$AF$3:$AF$870,">="&$B35)/INDEX('01_INPUTS'!$E$17:$E$31,MATCH(H$23,'01_INPUTS'!$B$17:$B$31,0))) -> 1.5 | I35: =IF(INDEX('01_INPUTS'!$E$17:$E$31,MATCH(I$23,'01_INPUTS'!$B$17:$B$31,0))=0,IF(SUMIFS($AD$3:$AD$870,$AC$3:$AC$870,I$23,$AE$3:$AE$870,"<="&$B35,$AF$3:$AF$870,">="&$B35)=0,0,9.99),SUMIFS($AD$3:$AD$870,$AC$3:$AC$870,I$23,$AE$3:$AE$870,"<="&$B35,$AF$3:$AF$870,">="&$B35)/INDEX('01_INPUTS'!$E$17:$E$31,MATCH(I$23,'01_INPUTS'!$B$17:$B$31,0))) -> 1.5 | J35: =IF(INDEX('01_INPUTS'!$E$17:$E$31,MATCH(J$23,'01_INPUTS'!$B$17:$B$31,0))=0,IF(SUMIFS($AD$3:$AD$870,$AC$3:$AC$870,J$23,$AE$3:$AE$870,"<="&$B35,$AF$3:$AF$870,">="&$B35)=0,0,9.99),SUMIFS($AD$3:$AD$870,$AC$3:$AC$870,J$23,$AE$3:$AE$870,"<="&$B35,$AF$3:$AF$870,">="&$B35)/INDEX('01_INPUTS'!$E$17:$E$31,MATCH(J$23,'01_INPUTS'!$B$17:$B$31,0))) -> 1.5 | K35: =IF(INDEX('01_INPUTS'!$E$17:$E$31,MATCH(K$23,'01_INPUTS'!$B$17:$B$31,0))=0,IF(SUMIFS($AD$3:$AD$870,$AC$3:$AC$870,K$23,$AE$3:$AE$870,"<="&$B35,$AF$3:$AF$870,">="&$B35)=0,0,9.99),SUMIFS($AD$3:$AD$870,$AC$3:$AC$870,K$23,$AE$3:$AE$870,"<="&$B35,$AF$3:$AF$870,">="&$B35)/INDEX('01_INPUTS'!$E$17:$E$31,MATCH(K$23,'01_INPUTS'!$B$17:$B$31,0))) -> 3 | ... R35: =IF(INDEX('01_INPUTS'!$E$17:$E$31,MATCH(R$23,'01_INPUTS'!$B$17:$B$31,0))=0,IF(SUMIFS($AD$3:$AD$870,$AC$3:$AC$870,R$23,$AE$3:$AE$870,"<="&$B35,$AF$3:$AF$870,">="&$B35)=0,0,9.99),SUMIFS($AD$3:$AD$870,$AC$3:$AC$870,R$23,$AE$3:$AE$870,"<="&$B35,$AF$3:$AF$870,">="&$B35)/INDEX('01_INPUTS'!$E$17:$E$31,MATCH(R$23,'01_INPUTS'!$B$17:$B$31,0))) -> 0 | S35: =SUMIFS($AD$3:$AD$870,$AE$3:$AE$870,"<="&B35,$AF$3:$AF$870,">="&B35) -> 30 | T35: =SUM('01_INPUTS'!$E$17:$E$31) -> 20 | U35: =IFERROR(S35/T35,0) -> 1.5 | V35: =COUNTIF(D35:R35,">1") -> 10 | W35: =IF(MAX(D35:R35)>1,"ROJO",IF(MAX(D35:R35)>0.8,"AMARILLO","VERDE")) -> ROJO | AA35: ='Sites Master'!$B$2 -> Site 01 | AB35: ='Phase-Resource Allocation'!$B$96 -> DIALT | AC35: ='Phase-Resource Allocation'!$C$96 -> Solution Architect | AD35: ='Phase-Resource Allocation'!$D$96 -> 0.5 | AE35: =IFERROR(INDEX('02_SCHEDULE'!$K$5:$K$124,MATCH(AA35&"|"&AB35,'02_SCHEDULE'!$M$5:$M$124,0)),0) -> 11 | AF35: =IFERROR(INDEX('02_SCHEDULE'!$L$5:$L$124,MATCH(AA35&"|"&AB35,'02_SCHEDULE'!$M$5:$M$124,0)),0) -> 11 | AG35: =AD35*(AF35-AE35+1) -> 0.5
B36: =13 -> 13 | C36: ='01_INPUTS'!$C$7+(13-1)*7 -> 46335 | D36: =IF(INDEX('01_INPUTS'!$E$17:$E$31,MATCH(D$23,'01_INPUTS'!$B$17:$B$31,0))=0,IF(SUMIFS($AD$3:$AD$870,$AC$3:$AC$870,D$23,$AE$3:$AE$870,"<="&$B36,$AF$3:$AF$870,">="&$B36)=0,0,9.99),SUMIFS($AD$3:$AD$870,$AC$3:$AC$870,D$23,$AE$3:$AE$870,"<="&$B36,$AF$3:$AF$870,">="&$B36)/INDEX('01_INPUTS'!$E$17:$E$31,MATCH(D$23,'01_INPUTS'!$B$17:$B$31,0))) -> 1.5 | E36: =IF(INDEX('01_INPUTS'!$E$17:$E$31,MATCH(E$23,'01_INPUTS'!$B$17:$B$31,0))=0,IF(SUMIFS($AD$3:$AD$870,$AC$3:$AC$870,E$23,$AE$3:$AE$870,"<="&$B36,$AF$3:$AF$870,">="&$B36)=0,0,9.99),SUMIFS($AD$3:$AD$870,$AC$3:$AC$870,E$23,$AE$3:$AE$870,"<="&$B36,$AF$3:$AF$870,">="&$B36)/INDEX('01_INPUTS'!$E$17:$E$31,MATCH(E$23,'01_INPUTS'!$B$17:$B$31,0))) -> 0 | F36: =IF(INDEX('01_INPUTS'!$E$17:$E$31,MATCH(F$23,'01_INPUTS'!$B$17:$B$31,0))=0,IF(SUMIFS($AD$3:$AD$870,$AC$3:$AC$870,F$23,$AE$3:$AE$870,"<="&$B36,$AF$3:$AF$870,">="&$B36)=0,0,9.99),SUMIFS($AD$3:$AD$870,$AC$3:$AC$870,F$23,$AE$3:$AE$870,"<="&$B36,$AF$3:$AF$870,">="&$B36)/INDEX('01_INPUTS'!$E$17:$E$31,MATCH(F$23,'01_INPUTS'!$B$17:$B$31,0))) -> 0 | G36: =IF(INDEX('01_INPUTS'!$E$17:$E$31,MATCH(G$23,'01_INPUTS'!$B$17:$B$31,0))=0,IF(SUMIFS($AD$3:$AD$870,$AC$3:$AC$870,G$23,$AE$3:$AE$870,"<="&$B36,$AF$3:$AF$870,">="&$B36)=0,0,9.99),SUMIFS($AD$3:$AD$870,$AC$3:$AC$870,G$23,$AE$3:$AE$870,"<="&$B36,$AF$3:$AF$870,">="&$B36)/INDEX('01_INPUTS'!$E$17:$E$31,MATCH(G$23,'01_INPUTS'!$B$17:$B$31,0))) -> 0 | H36: =IF(INDEX('01_INPUTS'!$E$17:$E$31,MATCH(H$23,'01_INPUTS'!$B$17:$B$31,0))=0,IF(SUMIFS($AD$3:$AD$870,$AC$3:$AC$870,H$23,$AE$3:$AE$870,"<="&$B36,$AF$3:$AF$870,">="&$B36)=0,0,9.99),SUMIFS($AD$3:$AD$870,$AC$3:$AC$870,H$23,$AE$3:$AE$870,"<="&$B36,$AF$3:$AF$870,">="&$B36)/INDEX('01_INPUTS'!$E$17:$E$31,MATCH(H$23,'01_INPUTS'!$B$17:$B$31,0))) -> 1.5 | I36: =IF(INDEX('01_INPUTS'!$E$17:$E$31,MATCH(I$23,'01_INPUTS'!$B$17:$B$31,0))=0,IF(SUMIFS($AD$3:$AD$870,$AC$3:$AC$870,I$23,$AE$3:$AE$870,"<="&$B36,$AF$3:$AF$870,">="&$B36)=0,0,9.99),SUMIFS($AD$3:$AD$870,$AC$3:$AC$870,I$23,$AE$3:$AE$870,"<="&$B36,$AF$3:$AF$870,">="&$B36)/INDEX('01_INPUTS'!$E$17:$E$31,MATCH(I$23,'01_INPUTS'!$B$17:$B$31,0))) -> 1.5 | J36: =IF(INDEX('01_INPUTS'!$E$17:$E$31,MATCH(J$23,'01_INPUTS'!$B$17:$B$31,0))=0,IF(SUMIFS($AD$3:$AD$870,$AC$3:$AC$870,J$23,$AE$3:$AE$870,"<="&$B36,$AF$3:$AF$870,">="&$B36)=0,0,9.99),SUMIFS($AD$3:$AD$870,$AC$3:$AC$870,J$23,$AE$3:$AE$870,"<="&$B36,$AF$3:$AF$870,">="&$B36)/INDEX('01_INPUTS'!$E$17:$E$31,MATCH(J$23,'01_INPUTS'!$B$17:$B$31,0))) -> 3 | K36: =IF(INDEX('01_INPUTS'!$E$17:$E$31,MATCH(K$23,'01_INPUTS'!$B$17:$B$31,0))=0,IF(SUMIFS($AD$3:$AD$870,$AC$3:$AC$870,K$23,$AE$3:$AE$870,"<="&$B36,$AF$3:$AF$870,">="&$B36)=0,0,9.99),SUMIFS($AD$3:$AD$870,$AC$3:$AC$870,K$23,$AE$3:$AE$870,"<="&$B36,$AF$3:$AF$870,">="&$B36)/INDEX('01_INPUTS'!$E$17:$E$31,MATCH(K$23,'01_INPUTS'!$B$17:$B$31,0))) -> 1.5 | ... R36: =IF(INDEX('01_INPUTS'!$E$17:$E$31,MATCH(R$23,'01_INPUTS'!$B$17:$B$31,0))=0,IF(SUMIFS($AD$3:$AD$870,$AC$3:$AC$870,R$23,$AE$3:$AE$870,"<="&$B36,$AF$3:$AF$870,">="&$B36)=0,0,9.99),SUMIFS($AD$3:$AD$870,$AC$3:$AC$870,R$23,$AE$3:$AE$870,"<="&$B36,$AF$3:$AF$870,">="&$B36)/INDEX('01_INPUTS'!$E$17:$E$31,MATCH(R$23,'01_INPUTS'!$B$17:$B$31,0))) -> 0 | S36: =SUMIFS($AD$3:$AD$870,$AE$3:$AE$870,"<="&B36,$AF$3:$AF$870,">="&B36) -> 30 | T36: =SUM('01_INPUTS'!$E$17:$E$31) -> 20 | U36: =IFERROR(S36/T36,0) -> 1.5 | V36: =COUNTIF(D36:R36,">1") -> 9 | W36: =IF(MAX(D36:R36)>1,"ROJO",IF(MAX(D36:R36)>0.8,"AMARILLO","VERDE")) -> ROJO | AA36: ='Sites Master'!$B$2 -> Site 01 | AB36: ='Phase-Resource Allocation'!$B$97 -> DIALT | AC36: ='Phase-Resource Allocation'!$C$97 -> Change Management Lead | AD36: ='Phase-Resource Allocation'!$D$97 -> 1 | AE36: =IFERROR(INDEX('02_SCHEDULE'!$K$5:$K$124,MATCH(AA36&"|"&AB36,'02_SCHEDULE'!$M$5:$M$124,0)),0) -> 11 | AF36: =IFERROR(INDEX('02_SCHEDULE'!$L$5:$L$124,MATCH(AA36&"|"&AB36,'02_SCHEDULE'!$M$5:$M$124,0)),0) -> 11 | AG36: =AD36*(AF36-AE36+1) -> 1
B37: =14 -> 14 | C37: ='01_INPUTS'!$C$7+(14-1)*7 -> 46342 | D37: =IF(INDEX('01_INPUTS'!$E$17:$E$31,MATCH(D$23,'01_INPUTS'!$B$17:$B$31,0))=0,IF(SUMIFS($AD$3:$AD$870,$AC$3:$AC$870,D$23,$AE$3:$AE$870,"<="&$B37,$AF$3:$AF$870,">="&$B37)=0,0,9.99),SUMIFS($AD$3:$AD$870,$AC$3:$AC$870,D$23,$AE$3:$AE$870,"<="&$B37,$AF$3:$AF$870,">="&$B37)/INDEX('01_INPUTS'!$E$17:$E$31,MATCH(D$23,'01_INPUTS'!$B$17:$B$31,0))) -> 1.5 | E37: =IF(INDEX('01_INPUTS'!$E$17:$E$31,MATCH(E$23,'01_INPUTS'!$B$17:$B$31,0))=0,IF(SUMIFS($AD$3:$AD$870,$AC$3:$AC$870,E$23,$AE$3:$AE$870,"<="&$B37,$AF$3:$AF$870,">="&$B37)=0,0,9.99),SUMIFS($AD$3:$AD$870,$AC$3:$AC$870,E$23,$AE$3:$AE$870,"<="&$B37,$AF$3:$AF$870,">="&$B37)/INDEX('01_INPUTS'!$E$17:$E$31,MATCH(E$23,'01_INPUTS'!$B$17:$B$31,0))) -> 0 | F37: =IF(INDEX('01_INPUTS'!$E$17:$E$31,MATCH(F$23,'01_INPUTS'!$B$17:$B$31,0))=0,IF(SUMIFS($AD$3:$AD$870,$AC$3:$AC$870,F$23,$AE$3:$AE$870,"<="&$B37,$AF$3:$AF$870,">="&$B37)=0,0,9.99),SUMIFS($AD$3:$AD$870,$AC$3:$AC$870,F$23,$AE$3:$AE$870,"<="&$B37,$AF$3:$AF$870,">="&$B37)/INDEX('01_INPUTS'!$E$17:$E$31,MATCH(F$23,'01_INPUTS'!$B$17:$B$31,0))) -> 0 | G37: =IF(INDEX('01_INPUTS'!$E$17:$E$31,MATCH(G$23,'01_INPUTS'!$B$17:$B$31,0))=0,IF(SUMIFS($AD$3:$AD$870,$AC$3:$AC$870,G$23,$AE$3:$AE$870,"<="&$B37,$AF$3:$AF$870,">="&$B37)=0,0,9.99),SUMIFS($AD$3:$AD$870,$AC$3:$AC$870,G$23,$AE$3:$AE$870,"<="&$B37,$AF$3:$AF$870,">="&$B37)/INDEX('01_INPUTS'!$E$17:$E$31,MATCH(G$23,'01_INPUTS'!$B$17:$B$31,0))) -> 0 | H37: =IF(INDEX('01_INPUTS'!$E$17:$E$31,MATCH(H$23,'01_INPUTS'!$B$17:$B$31,0))=0,IF(SUMIFS($AD$3:$AD$870,$AC$3:$AC$870,H$23,$AE$3:$AE$870,"<="&$B37,$AF$3:$AF$870,">="&$B37)=0,0,9.99),SUMIFS($AD$3:$AD$870,$AC$3:$AC$870,H$23,$AE$3:$AE$870,"<="&$B37,$AF$3:$AF$870,">="&$B37)/INDEX('01_INPUTS'!$E$17:$E$31,MATCH(H$23,'01_INPUTS'!$B$17:$B$31,0))) -> 1.5 | I37: =IF(INDEX('01_INPUTS'!$E$17:$E$31,MATCH(I$23,'01_INPUTS'!$B$17:$B$31,0))=0,IF(SUMIFS($AD$3:$AD$870,$AC$3:$AC$870,I$23,$AE$3:$AE$870,"<="&$B37,$AF$3:$AF$870,">="&$B37)=0,0,9.99),SUMIFS($AD$3:$AD$870,$AC$3:$AC$870,I$23,$AE$3:$AE$870,"<="&$B37,$AF$3:$AF$870,">="&$B37)/INDEX('01_INPUTS'!$E$17:$E$31,MATCH(I$23,'01_INPUTS'!$B$17:$B$31,0))) -> 1.5 | J37: =IF(INDEX('01_INPUTS'!$E$17:$E$31,MATCH(J$23,'01_INPUTS'!$B$17:$B$31,0))=0,IF(SUMIFS($AD$3:$AD$870,$AC$3:$AC$870,J$23,$AE$3:$AE$870,"<="&$B37,$AF$3:$AF$870,">="&$B37)=0,0,9.99),SUMIFS($AD$3:$AD$870,$AC$3:$AC$870,J$23,$AE$3:$AE$870,"<="&$B37,$AF$3:$AF$870,">="&$B37)/INDEX('01_INPUTS'!$E$17:$E$31,MATCH(J$23,'01_INPUTS'!$B$17:$B$31,0))) -> 3 | K37: =IF(INDEX('01_INPUTS'!$E$17:$E$31,MATCH(K$23,'01_INPUTS'!$B$17:$B$31,0))=0,IF(SUMIFS($AD$3:$AD$870,$AC$3:$AC$870,K$23,$AE$3:$AE$870,"<="&$B37,$AF$3:$AF$870,">="&$B37)=0,0,9.99),SUMIFS($AD$3:$AD$870,$AC$3:$AC$870,K$23,$AE$3:$AE$870,"<="&$B37,$AF$3:$AF$870,">="&$B37)/INDEX('01_INPUTS'!$E$17:$E$31,MATCH(K$23,'01_INPUTS'!$B$17:$B$31,0))) -> 1.5 | ... R37: =IF(INDEX('01_INPUTS'!$E$17:$E$31,MATCH(R$23,'01_INPUTS'!$B$17:$B$31,0))=0,IF(SUMIFS($AD$3:$AD$870,$AC$3:$AC$870,R$23,$AE$3:$AE$870,"<="&$B37,$AF$3:$AF$870,">="&$B37)=0,0,9.99),SUMIFS($AD$3:$AD$870,$AC$3:$AC$870,R$23,$AE$3:$AE$870,"<="&$B37,$AF$3:$AF$870,">="&$B37)/INDEX('01_INPUTS'!$E$17:$E$31,MATCH(R$23,'01_INPUTS'!$B$17:$B$31,0))) -> 0 | S37: =SUMIFS($AD$3:$AD$870,$AE$3:$AE$870,"<="&B37,$AF$3:$AF$870,">="&B37) -> 30 | T37: =SUM('01_INPUTS'!$E$17:$E$31) -> 20 | U37: =IFERROR(S37/T37,0) -> 1.5 | V37: =COUNTIF(D37:R37,">1") -> 9 | W37: =IF(MAX(D37:R37)>1,"ROJO",IF(MAX(D37:R37)>0.8,"AMARILLO","VERDE")) -> ROJO | AA37: ='Sites Master'!$B$2 -> Site 01 | AB37: ='Phase-Resource Allocation'!$B$98 -> DIALT | AC37: ='Phase-Resource Allocation'!$C$98 -> Azure Lead | AD37: ='Phase-Resource Allocation'!$D$98 -> 0.75 | AE37: =IFERROR(INDEX('02_SCHEDULE'!$K$5:$K$124,MATCH(AA37&"|"&AB37,'02_SCHEDULE'!$M$5:$M$124,0)),0) -> 11 | AF37: =IFERROR(INDEX('02_SCHEDULE'!$L$5:$L$124,MATCH(AA37&"|"&AB37,'02_SCHEDULE'!$M$5:$M$124,0)),0) -> 11 | AG37: =AD37*(AF37-AE37+1) -> 0.75
B38: =15 -> 15 | C38: ='01_INPUTS'!$C$7+(15-1)*7 -> 46349 | D38: =IF(INDEX('01_INPUTS'!$E$17:$E$31,MATCH(D$23,'01_INPUTS'!$B$17:$B$31,0))=0,IF(SUMIFS($AD$3:$AD$870,$AC$3:$AC$870,D$23,$AE$3:$AE$870,"<="&$B38,$AF$3:$AF$870,">="&$B38)=0,0,9.99),SUMIFS($AD$3:$AD$870,$AC$3:$AC$870,D$23,$AE$3:$AE$870,"<="&$B38,$AF$3:$AF$870,">="&$B38)/INDEX('01_INPUTS'!$E$17:$E$31,MATCH(D$23,'01_INPUTS'!$B$17:$B$31,0))) -> 1.5 | E38: =IF(INDEX('01_INPUTS'!$E$17:$E$31,MATCH(E$23,'01_INPUTS'!$B$17:$B$31,0))=0,IF(SUMIFS($AD$3:$AD$870,$AC$3:$AC$870,E$23,$AE$3:$AE$870,"<="&$B38,$AF$3:$AF$870,">="&$B38)=0,0,9.99),SUMIFS($AD$3:$AD$870,$AC$3:$AC$870,E$23,$AE$3:$AE$870,"<="&$B38,$AF$3:$AF$870,">="&$B38)/INDEX('01_INPUTS'!$E$17:$E$31,MATCH(E$23,'01_INPUTS'!$B$17:$B$31,0))) -> 0 | F38: =IF(INDEX('01_INPUTS'!$E$17:$E$31,MATCH(F$23,'01_INPUTS'!$B$17:$B$31,0))=0,IF(SUMIFS($AD$3:$AD$870,$AC$3:$AC$870,F$23,$AE$3:$AE$870,"<="&$B38,$AF$3:$AF$870,">="&$B38)=0,0,9.99),SUMIFS($AD$3:$AD$870,$AC$3:$AC$870,F$23,$AE$3:$AE$870,"<="&$B38,$AF$3:$AF$870,">="&$B38)/INDEX('01_INPUTS'!$E$17:$E$31,MATCH(F$23,'01_INPUTS'!$B$17:$B$31,0))) -> 0 | G38: =IF(INDEX('01_INPUTS'!$E$17:$E$31,MATCH(G$23,'01_INPUTS'!$B$17:$B$31,0))=0,IF(SUMIFS($AD$3:$AD$870,$AC$3:$AC$870,G$23,$AE$3:$AE$870,"<="&$B38,$AF$3:$AF$870,">="&$B38)=0,0,9.99),SUMIFS($AD$3:$AD$870,$AC$3:$AC$870,G$23,$AE$3:$AE$870,"<="&$B38,$AF$3:$AF$870,">="&$B38)/INDEX('01_INPUTS'!$E$17:$E$31,MATCH(G$23,'01_INPUTS'!$B$17:$B$31,0))) -> 0 | H38: =IF(INDEX('01_INPUTS'!$E$17:$E$31,MATCH(H$23,'01_INPUTS'!$B$17:$B$31,0))=0,IF(SUMIFS($AD$3:$AD$870,$AC$3:$AC$870,H$23,$AE$3:$AE$870,"<="&$B38,$AF$3:$AF$870,">="&$B38)=0,0,9.99),SUMIFS($AD$3:$AD$870,$AC$3:$AC$870,H$23,$AE$3:$AE$870,"<="&$B38,$AF$3:$AF$870,">="&$B38)/INDEX('01_INPUTS'!$E$17:$E$31,MATCH(H$23,'01_INPUTS'!$B$17:$B$31,0))) -> 1.5 | I38: =IF(INDEX('01_INPUTS'!$E$17:$E$31,MATCH(I$23,'01_INPUTS'!$B$17:$B$31,0))=0,IF(SUMIFS($AD$3:$AD$870,$AC$3:$AC$870,I$23,$AE$3:$AE$870,"<="&$B38,$AF$3:$AF$870,">="&$B38)=0,0,9.99),SUMIFS($AD$3:$AD$870,$AC$3:$AC$870,I$23,$AE$3:$AE$870,"<="&$B38,$AF$3:$AF$870,">="&$B38)/INDEX('01_INPUTS'!$E$17:$E$31,MATCH(I$23,'01_INPUTS'!$B$17:$B$31,0))) -> 1.5 | J38: =IF(INDEX('01_INPUTS'!$E$17:$E$31,MATCH(J$23,'01_INPUTS'!$B$17:$B$31,0))=0,IF(SUMIFS($AD$3:$AD$870,$AC$3:$AC$870,J$23,$AE$3:$AE$870,"<="&$B38,$AF$3:$AF$870,">="&$B38)=0,0,9.99),SUMIFS($AD$3:$AD$870,$AC$3:$AC$870,J$23,$AE$3:$AE$870,"<="&$B38,$AF$3:$AF$870,">="&$B38)/INDEX('01_INPUTS'!$E$17:$E$31,MATCH(J$23,'01_INPUTS'!$B$17:$B$31,0))) -> 3 | K38: =IF(INDEX('01_INPUTS'!$E$17:$E$31,MATCH(K$23,'01_INPUTS'!$B$17:$B$31,0))=0,IF(SUMIFS($AD$3:$AD$870,$AC$3:$AC$870,K$23,$AE$3:$AE$870,"<="&$B38,$AF$3:$AF$870,">="&$B38)=0,0,9.99),SUMIFS($AD$3:$AD$870,$AC$3:$AC$870,K$23,$AE$3:$AE$870,"<="&$B38,$AF$3:$AF$870,">="&$B38)/INDEX('01_INPUTS'!$E$17:$E$31,MATCH(K$23,'01_INPUTS'!$B$17:$B$31,0))) -> 1.5 | ... R38: =IF(INDEX('01_INPUTS'!$E$17:$E$31,MATCH(R$23,'01_INPUTS'!$B$17:$B$31,0))=0,IF(SUMIFS($AD$3:$AD$870,$AC$3:$AC$870,R$23,$AE$3:$AE$870,"<="&$B38,$AF$3:$AF$870,">="&$B38)=0,0,9.99),SUMIFS($AD$3:$AD$870,$AC$3:$AC$870,R$23,$AE$3:$AE$870,"<="&$B38,$AF$3:$AF$870,">="&$B38)/INDEX('01_INPUTS'!$E$17:$E$31,MATCH(R$23,'01_INPUTS'!$B$17:$B$31,0))) -> 0 | S38: =SUMIFS($AD$3:$AD$870,$AE$3:$AE$870,"<="&B38,$AF$3:$AF$870,">="&B38) -> 30 | T38: =SUM('01_INPUTS'!$E$17:$E$31) -> 20 | U38: =IFERROR(S38/T38,0) -> 1.5 | V38: =COUNTIF(D38:R38,">1") -> 9 | W38: =IF(MAX(D38:R38)>1,"ROJO",IF(MAX(D38:R38)>0.8,"AMARILLO","VERDE")) -> ROJO | AA38: ='Sites Master'!$B$2 -> Site 01 | AB38: ='Phase-Resource Allocation'!$B$99 -> DIALT | AC38: ='Phase-Resource Allocation'!$C$99 -> Azure Specialist | AD38: ='Phase-Resource Allocation'!$D$99 -> 0.75 | AE38: =IFERROR(INDEX('02_SCHEDULE'!$K$5:$K$124,MATCH(AA38&"|"&AB38,'02_SCHEDULE'!$M$5:$M$124,0)),0) -> 11 | AF38: =IFERROR(INDEX('02_SCHEDULE'!$L$5:$L$124,MATCH(AA38&"|"&AB38,'02_SCHEDULE'!$M$5:$M$124,0)),0) -> 11 | AG38: =AD38*(AF38-AE38+1) -> 0.75
B39: =16 -> 16 | C39: ='01_INPUTS'!$C$7+(16-1)*7 -> 46356 | D39: =IF(INDEX('01_INPUTS'!$E$17:$E$31,MATCH(D$23,'01_INPUTS'!$B$17:$B$31,0))=0,IF(SUMIFS($AD$3:$AD$870,$AC$3:$AC$870,D$23,$AE$3:$AE$870,"<="&$B39,$AF$3:$AF$870,">="&$B39)=0,0,9.99),SUMIFS($AD$3:$AD$870,$AC$3:$AC$870,D$23,$AE$3:$AE$870,"<="&$B39,$AF$3:$AF$870,">="&$B39)/INDEX('01_INPUTS'!$E$17:$E$31,MATCH(D$23,'01_INPUTS'!$B$17:$B$31,0))) -> 1.5 | E39: =IF(INDEX('01_INPUTS'!$E$17:$E$31,MATCH(E$23,'01_INPUTS'!$B$17:$B$31,0))=0,IF(SUMIFS($AD$3:$AD$870,$AC$3:$AC$870,E$23,$AE$3:$AE$870,"<="&$B39,$AF$3:$AF$870,">="&$B39)=0,0,9.99),SUMIFS($AD$3:$AD$870,$AC$3:$AC$870,E$23,$AE$3:$AE$870,"<="&$B39,$AF$3:$AF$870,">="&$B39)/INDEX('01_INPUTS'!$E$17:$E$31,MATCH(E$23,'01_INPUTS'!$B$17:$B$31,0))) -> 0 | F39: =IF(INDEX('01_INPUTS'!$E$17:$E$31,MATCH(F$23,'01_INPUTS'!$B$17:$B$31,0))=0,IF(SUMIFS($AD$3:$AD$870,$AC$3:$AC$870,F$23,$AE$3:$AE$870,"<="&$B39,$AF$3:$AF$870,">="&$B39)=0,0,9.99),SUMIFS($AD$3:$AD$870,$AC$3:$AC$870,F$23,$AE$3:$AE$870,"<="&$B39,$AF$3:$AF$870,">="&$B39)/INDEX('01_INPUTS'!$E$17:$E$31,MATCH(F$23,'01_INPUTS'!$B$17:$B$31,0))) -> 0 | G39: =IF(INDEX('01_INPUTS'!$E$17:$E$31,MATCH(G$23,'01_INPUTS'!$B$17:$B$31,0))=0,IF(SUMIFS($AD$3:$AD$870,$AC$3:$AC$870,G$23,$AE$3:$AE$870,"<="&$B39,$AF$3:$AF$870,">="&$B39)=0,0,9.99),SUMIFS($AD$3:$AD$870,$AC$3:$AC$870,G$23,$AE$3:$AE$870,"<="&$B39,$AF$3:$AF$870,">="&$B39)/INDEX('01_INPUTS'!$E$17:$E$31,MATCH(G$23,'01_INPUTS'!$B$17:$B$31,0))) -> 0 | H39: =IF(INDEX('01_INPUTS'!$E$17:$E$31,MATCH(H$23,'01_INPUTS'!$B$17:$B$31,0))=0,IF(SUMIFS($AD$3:$AD$870,$AC$3:$AC$870,H$23,$AE$3:$AE$870,"<="&$B39,$AF$3:$AF$870,">="&$B39)=0,0,9.99),SUMIFS($AD$3:$AD$870,$AC$3:$AC$870,H$23,$AE$3:$AE$870,"<="&$B39,$AF$3:$AF$870,">="&$B39)/INDEX('01_INPUTS'!$E$17:$E$31,MATCH(H$23,'01_INPUTS'!$B$17:$B$31,0))) -> 1.5 | I39: =IF(INDEX('01_INPUTS'!$E$17:$E$31,MATCH(I$23,'01_INPUTS'!$B$17:$B$31,0))=0,IF(SUMIFS($AD$3:$AD$870,$AC$3:$AC$870,I$23,$AE$3:$AE$870,"<="&$B39,$AF$3:$AF$870,">="&$B39)=0,0,9.99),SUMIFS($AD$3:$AD$870,$AC$3:$AC$870,I$23,$AE$3:$AE$870,"<="&$B39,$AF$3:$AF$870,">="&$B39)/INDEX('01_INPUTS'!$E$17:$E$31,MATCH(I$23,'01_INPUTS'!$B$17:$B$31,0))) -> 1.5 | J39: =IF(INDEX('01_INPUTS'!$E$17:$E$31,MATCH(J$23,'01_INPUTS'!$B$17:$B$31,0))=0,IF(SUMIFS($AD$3:$AD$870,$AC$3:$AC$870,J$23,$AE$3:$AE$870,"<="&$B39,$AF$3:$AF$870,">="&$B39)=0,0,9.99),SUMIFS($AD$3:$AD$870,$AC$3:$AC$870,J$23,$AE$3:$AE$870,"<="&$B39,$AF$3:$AF$870,">="&$B39)/INDEX('01_INPUTS'!$E$17:$E$31,MATCH(J$23,'01_INPUTS'!$B$17:$B$31,0))) -> 3 | K39: =IF(INDEX('01_INPUTS'!$E$17:$E$31,MATCH(K$23,'01_INPUTS'!$B$17:$B$31,0))=0,IF(SUMIFS($AD$3:$AD$870,$AC$3:$AC$870,K$23,$AE$3:$AE$870,"<="&$B39,$AF$3:$AF$870,">="&$B39)=0,0,9.99),SUMIFS($AD$3:$AD$870,$AC$3:$AC$870,K$23,$AE$3:$AE$870,"<="&$B39,$AF$3:$AF$870,">="&$B39)/INDEX('01_INPUTS'!$E$17:$E$31,MATCH(K$23,'01_INPUTS'!$B$17:$B$31,0))) -> 1.5 | ... R39: =IF(INDEX('01_INPUTS'!$E$17:$E$31,MATCH(R$23,'01_INPUTS'!$B$17:$B$31,0))=0,IF(SUMIFS($AD$3:$AD$870,$AC$3:$AC$870,R$23,$AE$3:$AE$870,"<="&$B39,$AF$3:$AF$870,">="&$B39)=0,0,9.99),SUMIFS($AD$3:$AD$870,$AC$3:$AC$870,R$23,$AE$3:$AE$870,"<="&$B39,$AF$3:$AF$870,">="&$B39)/INDEX('01_INPUTS'!$E$17:$E$31,MATCH(R$23,'01_INPUTS'!$B$17:$B$31,0))) -> 0 | S39: =SUMIFS($AD$3:$AD$870,$AE$3:$AE$870,"<="&B39,$AF$3:$AF$870,">="&B39) -> 30 | T39: =SUM('01_INPUTS'!$E$17:$E$31) -> 20 | U39: =IFERROR(S39/T39,0) -> 1.5 | V39: =COUNTIF(D39:R39,">1") -> 9 | W39: =IF(MAX(D39:R39)>1,"ROJO",IF(MAX(D39:R39)>0.8,"AMARILLO","VERDE")) -> ROJO | AA39: ='Sites Master'!$B$2 -> Site 01 | AB39: ='Phase-Resource Allocation'!$B$100 -> DIALT | AC39: ='Phase-Resource Allocation'!$C$100 -> Functional Lead | AD39: ='Phase-Resource Allocation'!$D$100 -> 1 | AE39: =IFERROR(INDEX('02_SCHEDULE'!$K$5:$K$124,MATCH(AA39&"|"&AB39,'02_SCHEDULE'!$M$5:$M$124,0)),0) -> 11 | AF39: =IFERROR(INDEX('02_SCHEDULE'!$L$5:$L$124,MATCH(AA39&"|"&AB39,'02_SCHEDULE'!$M$5:$M$124,0)),0) -> 11 | AG39: =AD39*(AF39-AE39+1) -> 1
B40: =17 -> 17 | C40: ='01_INPUTS'!$C$7+(17-1)*7 -> 46363 | D40: =IF(INDEX('01_INPUTS'!$E$17:$E$31,MATCH(D$23,'01_INPUTS'!$B$17:$B$31,0))=0,IF(SUMIFS($AD$3:$AD$870,$AC$3:$AC$870,D$23,$AE$3:$AE$870,"<="&$B40,$AF$3:$AF$870,">="&$B40)=0,0,9.99),SUMIFS($AD$3:$AD$870,$AC$3:$AC$870,D$23,$AE$3:$AE$870,"<="&$B40,$AF$3:$AF$870,">="&$B40)/INDEX('01_INPUTS'!$E$17:$E$31,MATCH(D$23,'01_INPUTS'!$B$17:$B$31,0))) -> 0 | E40: =IF(INDEX('01_INPUTS'!$E$17:$E$31,MATCH(E$23,'01_INPUTS'!$B$17:$B$31,0))=0,IF(SUMIFS($AD$3:$AD$870,$AC$3:$AC$870,E$23,$AE$3:$AE$870,"<="&$B40,$AF$3:$AF$870,">="&$B40)=0,0,9.99),SUMIFS($AD$3:$AD$870,$AC$3:$AC$870,E$23,$AE$3:$AE$870,"<="&$B40,$AF$3:$AF$870,">="&$B40)/INDEX('01_INPUTS'!$E$17:$E$31,MATCH(E$23,'01_INPUTS'!$B$17:$B$31,0))) -> 0 | F40: =IF(INDEX('01_INPUTS'!$E$17:$E$31,MATCH(F$23,'01_INPUTS'!$B$17:$B$31,0))=0,IF(SUMIFS($AD$3:$AD$870,$AC$3:$AC$870,F$23,$AE$3:$AE$870,"<="&$B40,$AF$3:$AF$870,">="&$B40)=0,0,9.99),SUMIFS($AD$3:$AD$870,$AC$3:$AC$870,F$23,$AE$3:$AE$870,"<="&$B40,$AF$3:$AF$870,">="&$B40)/INDEX('01_INPUTS'!$E$17:$E$31,MATCH(F$23,'01_INPUTS'!$B$17:$B$31,0))) -> 0 | G40: =IF(INDEX('01_INPUTS'!$E$17:$E$31,MATCH(G$23,'01_INPUTS'!$B$17:$B$31,0))=0,IF(SUMIFS($AD$3:$AD$870,$AC$3:$AC$870,G$23,$AE$3:$AE$870,"<="&$B40,$AF$3:$AF$870,">="&$B40)=0,0,9.99),SUMIFS($AD$3:$AD$870,$AC$3:$AC$870,G$23,$AE$3:$AE$870,"<="&$B40,$AF$3:$AF$870,">="&$B40)/INDEX('01_INPUTS'!$E$17:$E$31,MATCH(G$23,'01_INPUTS'!$B$17:$B$31,0))) -> 0 | H40: =IF(INDEX('01_INPUTS'!$E$17:$E$31,MATCH(H$23,'01_INPUTS'!$B$17:$B$31,0))=0,IF(SUMIFS($AD$3:$AD$870,$AC$3:$AC$870,H$23,$AE$3:$AE$870,"<="&$B40,$AF$3:$AF$870,">="&$B40)=0,0,9.99),SUMIFS($AD$3:$AD$870,$AC$3:$AC$870,H$23,$AE$3:$AE$870,"<="&$B40,$AF$3:$AF$870,">="&$B40)/INDEX('01_INPUTS'!$E$17:$E$31,MATCH(H$23,'01_INPUTS'!$B$17:$B$31,0))) -> 0 | I40: =IF(INDEX('01_INPUTS'!$E$17:$E$31,MATCH(I$23,'01_INPUTS'!$B$17:$B$31,0))=0,IF(SUMIFS($AD$3:$AD$870,$AC$3:$AC$870,I$23,$AE$3:$AE$870,"<="&$B40,$AF$3:$AF$870,">="&$B40)=0,0,9.99),SUMIFS($AD$3:$AD$870,$AC$3:$AC$870,I$23,$AE$3:$AE$870,"<="&$B40,$AF$3:$AF$870,">="&$B40)/INDEX('01_INPUTS'!$E$17:$E$31,MATCH(I$23,'01_INPUTS'!$B$17:$B$31,0))) -> 1.5 | J40: =IF(INDEX('01_INPUTS'!$E$17:$E$31,MATCH(J$23,'01_INPUTS'!$B$17:$B$31,0))=0,IF(SUMIFS($AD$3:$AD$870,$AC$3:$AC$870,J$23,$AE$3:$AE$870,"<="&$B40,$AF$3:$AF$870,">="&$B40)=0,0,9.99),SUMIFS($AD$3:$AD$870,$AC$3:$AC$870,J$23,$AE$3:$AE$870,"<="&$B40,$AF$3:$AF$870,">="&$B40)/INDEX('01_INPUTS'!$E$17:$E$31,MATCH(J$23,'01_INPUTS'!$B$17:$B$31,0))) -> 0 | K40: =IF(INDEX('01_INPUTS'!$E$17:$E$31,MATCH(K$23,'01_INPUTS'!$B$17:$B$31,0))=0,IF(SUMIFS($AD$3:$AD$870,$AC$3:$AC$870,K$23,$AE$3:$AE$870,"<="&$B40,$AF$3:$AF$870,">="&$B40)=0,0,9.99),SUMIFS($AD$3:$AD$870,$AC$3:$AC$870,K$23,$AE$3:$AE$870,"<="&$B40,$AF$3:$AF$870,">="&$B40)/INDEX('01_INPUTS'!$E$17:$E$31,MATCH(K$23,'01_INPUTS'!$B$17:$B$31,0))) -> 1.5 | ... R40: =IF(INDEX('01_INPUTS'!$E$17:$E$31,MATCH(R$23,'01_INPUTS'!$B$17:$B$31,0))=0,IF(SUMIFS($AD$3:$AD$870,$AC$3:$AC$870,R$23,$AE$3:$AE$870,"<="&$B40,$AF$3:$AF$870,">="&$B40)=0,0,9.99),SUMIFS($AD$3:$AD$870,$AC$3:$AC$870,R$23,$AE$3:$AE$870,"<="&$B40,$AF$3:$AF$870,">="&$B40)/INDEX('01_INPUTS'!$E$17:$E$31,MATCH(R$23,'01_INPUTS'!$B$17:$B$31,0))) -> 0 | S40: =SUMIFS($AD$3:$AD$870,$AE$3:$AE$870,"<="&B40,$AF$3:$AF$870,">="&B40) -> 4.5 | T40: =SUM('01_INPUTS'!$E$17:$E$31) -> 20 | U40: =IFERROR(S40/T40,0) -> 0.225 | V40: =COUNTIF(D40:R40,">1") -> 2 | W40: =IF(MAX(D40:R40)>1,"ROJO",IF(MAX(D40:R40)>0.8,"AMARILLO","VERDE")) -> ROJO | AA40: ='Sites Master'!$B$2 -> Site 01 | AB40: ='Phase-Resource Allocation'!$B$101 -> DIALT | AC40: ='Phase-Resource Allocation'!$C$101 -> Trainers | AD40: ='Phase-Resource Allocation'!$D$101 -> 1 | AE40: =IFERROR(INDEX('02_SCHEDULE'!$K$5:$K$124,MATCH(AA40&"|"&AB40,'02_SCHEDULE'!$M$5:$M$124,0)),0) -> 11 | AF40: =IFERROR(INDEX('02_SCHEDULE'!$L$5:$L$124,MATCH(AA40&"|"&AB40,'02_SCHEDULE'!$M$5:$M$124,0)),0) -> 11 | AG40: =AD40*(AF40-AE40+1) -> 1
B41: =18 -> 18 | C41: ='01_INPUTS'!$C$7+(18-1)*7 -> 46370 | D41: =IF(INDEX('01_INPUTS'!$E$17:$E$31,MATCH(D$23,'01_INPUTS'!$B$17:$B$31,0))=0,IF(SUMIFS($AD$3:$AD$870,$AC$3:$AC$870,D$23,$AE$3:$AE$870,"<="&$B41,$AF$3:$AF$870,">="&$B41)=0,0,9.99),SUMIFS($AD$3:$AD$870,$AC$3:$AC$870,D$23,$AE$3:$AE$870,"<="&$B41,$AF$3:$AF$870,">="&$B41)/INDEX('01_INPUTS'!$E$17:$E$31,MATCH(D$23,'01_INPUTS'!$B$17:$B$31,0))) -> 0 | E41: =IF(INDEX('01_INPUTS'!$E$17:$E$31,MATCH(E$23,'01_INPUTS'!$B$17:$B$31,0))=0,IF(SUMIFS($AD$3:$AD$870,$AC$3:$AC$870,E$23,$AE$3:$AE$870,"<="&$B41,$AF$3:$AF$870,">="&$B41)=0,0,9.99),SUMIFS($AD$3:$AD$870,$AC$3:$AC$870,E$23,$AE$3:$AE$870,"<="&$B41,$AF$3:$AF$870,">="&$B41)/INDEX('01_INPUTS'!$E$17:$E$31,MATCH(E$23,'01_INPUTS'!$B$17:$B$31,0))) -> 0 | F41: =IF(INDEX('01_INPUTS'!$E$17:$E$31,MATCH(F$23,'01_INPUTS'!$B$17:$B$31,0))=0,IF(SUMIFS($AD$3:$AD$870,$AC$3:$AC$870,F$23,$AE$3:$AE$870,"<="&$B41,$AF$3:$AF$870,">="&$B41)=0,0,9.99),SUMIFS($AD$3:$AD$870,$AC$3:$AC$870,F$23,$AE$3:$AE$870,"<="&$B41,$AF$3:$AF$870,">="&$B41)/INDEX('01_INPUTS'!$E$17:$E$31,MATCH(F$23,'01_INPUTS'!$B$17:$B$31,0))) -> 0 | G41: =IF(INDEX('01_INPUTS'!$E$17:$E$31,MATCH(G$23,'01_INPUTS'!$B$17:$B$31,0))=0,IF(SUMIFS($AD$3:$AD$870,$AC$3:$AC$870,G$23,$AE$3:$AE$870,"<="&$B41,$AF$3:$AF$870,">="&$B41)=0,0,9.99),SUMIFS($AD$3:$AD$870,$AC$3:$AC$870,G$23,$AE$3:$AE$870,"<="&$B41,$AF$3:$AF$870,">="&$B41)/INDEX('01_INPUTS'!$E$17:$E$31,MATCH(G$23,'01_INPUTS'!$B$17:$B$31,0))) -> 0 | H41: =IF(INDEX('01_INPUTS'!$E$17:$E$31,MATCH(H$23,'01_INPUTS'!$B$17:$B$31,0))=0,IF(SUMIFS($AD$3:$AD$870,$AC$3:$AC$870,H$23,$AE$3:$AE$870,"<="&$B41,$AF$3:$AF$870,">="&$B41)=0,0,9.99),SUMIFS($AD$3:$AD$870,$AC$3:$AC$870,H$23,$AE$3:$AE$870,"<="&$B41,$AF$3:$AF$870,">="&$B41)/INDEX('01_INPUTS'!$E$17:$E$31,MATCH(H$23,'01_INPUTS'!$B$17:$B$31,0))) -> 0 | I41: =IF(INDEX('01_INPUTS'!$E$17:$E$31,MATCH(I$23,'01_INPUTS'!$B$17:$B$31,0))=0,IF(SUMIFS($AD$3:$AD$870,$AC$3:$AC$870,I$23,$AE$3:$AE$870,"<="&$B41,$AF$3:$AF$870,">="&$B41)=0,0,9.99),SUMIFS($AD$3:$AD$870,$AC$3:$AC$870,I$23,$AE$3:$AE$870,"<="&$B41,$AF$3:$AF$870,">="&$B41)/INDEX('01_INPUTS'!$E$17:$E$31,MATCH(I$23,'01_INPUTS'!$B$17:$B$31,0))) -> 1.5 | J41: =IF(INDEX('01_INPUTS'!$E$17:$E$31,MATCH(J$23,'01_INPUTS'!$B$17:$B$31,0))=0,IF(SUMIFS($AD$3:$AD$870,$AC$3:$AC$870,J$23,$AE$3:$AE$870,"<="&$B41,$AF$3:$AF$870,">="&$B41)=0,0,9.99),SUMIFS($AD$3:$AD$870,$AC$3:$AC$870,J$23,$AE$3:$AE$870,"<="&$B41,$AF$3:$AF$870,">="&$B41)/INDEX('01_INPUTS'!$E$17:$E$31,MATCH(J$23,'01_INPUTS'!$B$17:$B$31,0))) -> 0 | K41: =IF(INDEX('01_INPUTS'!$E$17:$E$31,MATCH(K$23,'01_INPUTS'!$B$17:$B$31,0))=0,IF(SUMIFS($AD$3:$AD$870,$AC$3:$AC$870,K$23,$AE$3:$AE$870,"<="&$B41,$AF$3:$AF$870,">="&$B41)=0,0,9.99),SUMIFS($AD$3:$AD$870,$AC$3:$AC$870,K$23,$AE$3:$AE$870,"<="&$B41,$AF$3:$AF$870,">="&$B41)/INDEX('01_INPUTS'!$E$17:$E$31,MATCH(K$23,'01_INPUTS'!$B$17:$B$31,0))) -> 1.5 | ... R41: =IF(INDEX('01_INPUTS'!$E$17:$E$31,MATCH(R$23,'01_INPUTS'!$B$17:$B$31,0))=0,IF(SUMIFS($AD$3:$AD$870,$AC$3:$AC$870,R$23,$AE$3:$AE$870,"<="&$B41,$AF$3:$AF$870,">="&$B41)=0,0,9.99),SUMIFS($AD$3:$AD$870,$AC$3:$AC$870,R$23,$AE$3:$AE$870,"<="&$B41,$AF$3:$AF$870,">="&$B41)/INDEX('01_INPUTS'!$E$17:$E$31,MATCH(R$23,'01_INPUTS'!$B$17:$B$31,0))) -> 0 | S41: =SUMIFS($AD$3:$AD$870,$AE$3:$AE$870,"<="&B41,$AF$3:$AF$870,">="&B41) -> 4.5 | T41: =SUM('01_INPUTS'!$E$17:$E$31) -> 20 | U41: =IFERROR(S41/T41,0) -> 0.225 | V41: =COUNTIF(D41:R41,">1") -> 2 | W41: =IF(MAX(D41:R41)>1,"ROJO",IF(MAX(D41:R41)>0.8,"AMARILLO","VERDE")) -> ROJO | AA41: ='Sites Master'!$B$2 -> Site 01 | AB41: ='Phase-Resource Allocation'!$B$102 -> DIALT | AC41: ='Phase-Resource Allocation'!$C$102 -> Functional Lead Vendor A | AD41: ='Phase-Resource Allocation'!$D$102 -> 1 | AE41: =IFERROR(INDEX('02_SCHEDULE'!$K$5:$K$124,MATCH(AA41&"|"&AB41,'02_SCHEDULE'!$M$5:$M$124,0)),0) -> 11 | AF41: =IFERROR(INDEX('02_SCHEDULE'!$L$5:$L$124,MATCH(AA41&"|"&AB41,'02_SCHEDULE'!$M$5:$M$124,0)),0) -> 11 | AG41: =AD41*(AF41-AE41+1) -> 1
B42: =19 -> 19 | C42: ='01_INPUTS'!$C$7+(19-1)*7 -> 46377 | D42: =IF(INDEX('01_INPUTS'!$E$17:$E$31,MATCH(D$23,'01_INPUTS'!$B$17:$B$31,0))=0,IF(SUMIFS($AD$3:$AD$870,$AC$3:$AC$870,D$23,$AE$3:$AE$870,"<="&$B42,$AF$3:$AF$870,">="&$B42)=0,0,9.99),SUMIFS($AD$3:$AD$870,$AC$3:$AC$870,D$23,$AE$3:$AE$870,"<="&$B42,$AF$3:$AF$870,">="&$B42)/INDEX('01_INPUTS'!$E$17:$E$31,MATCH(D$23,'01_INPUTS'!$B$17:$B$31,0))) -> 0 | E42: =IF(INDEX('01_INPUTS'!$E$17:$E$31,MATCH(E$23,'01_INPUTS'!$B$17:$B$31,0))=0,IF(SUMIFS($AD$3:$AD$870,$AC$3:$AC$870,E$23,$AE$3:$AE$870,"<="&$B42,$AF$3:$AF$870,">="&$B42)=0,0,9.99),SUMIFS($AD$3:$AD$870,$AC$3:$AC$870,E$23,$AE$3:$AE$870,"<="&$B42,$AF$3:$AF$870,">="&$B42)/INDEX('01_INPUTS'!$E$17:$E$31,MATCH(E$23,'01_INPUTS'!$B$17:$B$31,0))) -> 0 | F42: =IF(INDEX('01_INPUTS'!$E$17:$E$31,MATCH(F$23,'01_INPUTS'!$B$17:$B$31,0))=0,IF(SUMIFS($AD$3:$AD$870,$AC$3:$AC$870,F$23,$AE$3:$AE$870,"<="&$B42,$AF$3:$AF$870,">="&$B42)=0,0,9.99),SUMIFS($AD$3:$AD$870,$AC$3:$AC$870,F$23,$AE$3:$AE$870,"<="&$B42,$AF$3:$AF$870,">="&$B42)/INDEX('01_INPUTS'!$E$17:$E$31,MATCH(F$23,'01_INPUTS'!$B$17:$B$31,0))) -> 0 | G42: =IF(INDEX('01_INPUTS'!$E$17:$E$31,MATCH(G$23,'01_INPUTS'!$B$17:$B$31,0))=0,IF(SUMIFS($AD$3:$AD$870,$AC$3:$AC$870,G$23,$AE$3:$AE$870,"<="&$B42,$AF$3:$AF$870,">="&$B42)=0,0,9.99),SUMIFS($AD$3:$AD$870,$AC$3:$AC$870,G$23,$AE$3:$AE$870,"<="&$B42,$AF$3:$AF$870,">="&$B42)/INDEX('01_INPUTS'!$E$17:$E$31,MATCH(G$23,'01_INPUTS'!$B$17:$B$31,0))) -> 0 | H42: =IF(INDEX('01_INPUTS'!$E$17:$E$31,MATCH(H$23,'01_INPUTS'!$B$17:$B$31,0))=0,IF(SUMIFS($AD$3:$AD$870,$AC$3:$AC$870,H$23,$AE$3:$AE$870,"<="&$B42,$AF$3:$AF$870,">="&$B42)=0,0,9.99),SUMIFS($AD$3:$AD$870,$AC$3:$AC$870,H$23,$AE$3:$AE$870,"<="&$B42,$AF$3:$AF$870,">="&$B42)/INDEX('01_INPUTS'!$E$17:$E$31,MATCH(H$23,'01_INPUTS'!$B$17:$B$31,0))) -> 0 | I42: =IF(INDEX('01_INPUTS'!$E$17:$E$31,MATCH(I$23,'01_INPUTS'!$B$17:$B$31,0))=0,IF(SUMIFS($AD$3:$AD$870,$AC$3:$AC$870,I$23,$AE$3:$AE$870,"<="&$B42,$AF$3:$AF$870,">="&$B42)=0,0,9.99),SUMIFS($AD$3:$AD$870,$AC$3:$AC$870,I$23,$AE$3:$AE$870,"<="&$B42,$AF$3:$AF$870,">="&$B42)/INDEX('01_INPUTS'!$E$17:$E$31,MATCH(I$23,'01_INPUTS'!$B$17:$B$31,0))) -> 1.5 | J42: =IF(INDEX('01_INPUTS'!$E$17:$E$31,MATCH(J$23,'01_INPUTS'!$B$17:$B$31,0))=0,IF(SUMIFS($AD$3:$AD$870,$AC$3:$AC$870,J$23,$AE$3:$AE$870,"<="&$B42,$AF$3:$AF$870,">="&$B42)=0,0,9.99),SUMIFS($AD$3:$AD$870,$AC$3:$AC$870,J$23,$AE$3:$AE$870,"<="&$B42,$AF$3:$AF$870,">="&$B42)/INDEX('01_INPUTS'!$E$17:$E$31,MATCH(J$23,'01_INPUTS'!$B$17:$B$31,0))) -> 0 | K42: =IF(INDEX('01_INPUTS'!$E$17:$E$31,MATCH(K$23,'01_INPUTS'!$B$17:$B$31,0))=0,IF(SUMIFS($AD$3:$AD$870,$AC$3:$AC$870,K$23,$AE$3:$AE$870,"<="&$B42,$AF$3:$AF$870,">="&$B42)=0,0,9.99),SUMIFS($AD$3:$AD$870,$AC$3:$AC$870,K$23,$AE$3:$AE$870,"<="&$B42,$AF$3:$AF$870,">="&$B42)/INDEX('01_INPUTS'!$E$17:$E$31,MATCH(K$23,'01_INPUTS'!$B$17:$B$31,0))) -> 1.5 | ... R42: =IF(INDEX('01_INPUTS'!$E$17:$E$31,MATCH(R$23,'01_INPUTS'!$B$17:$B$31,0))=0,IF(SUMIFS($AD$3:$AD$870,$AC$3:$AC$870,R$23,$AE$3:$AE$870,"<="&$B42,$AF$3:$AF$870,">="&$B42)=0,0,9.99),SUMIFS($AD$3:$AD$870,$AC$3:$AC$870,R$23,$AE$3:$AE$870,"<="&$B42,$AF$3:$AF$870,">="&$B42)/INDEX('01_INPUTS'!$E$17:$E$31,MATCH(R$23,'01_INPUTS'!$B$17:$B$31,0))) -> 0 | S42: =SUMIFS($AD$3:$AD$870,$AE$3:$AE$870,"<="&B42,$AF$3:$AF$870,">="&B42) -> 4.5 | T42: =SUM('01_INPUTS'!$E$17:$E$31) -> 20 | U42: =IFERROR(S42/T42,0) -> 0.225 | V42: =COUNTIF(D42:R42,">1") -> 2 | W42: =IF(MAX(D42:R42)>1,"ROJO",IF(MAX(D42:R42)>0.8,"AMARILLO","VERDE")) -> ROJO | AA42: ='Sites Master'!$B$2 -> Site 01 | AB42: ='Phase-Resource Allocation'!$B$103 -> Go Live | AC42: ='Phase-Resource Allocation'!$C$103 -> Solution Architect | AD42: ='Phase-Resource Allocation'!$D$103 -> 1 | AE42: =IFERROR(INDEX('02_SCHEDULE'!$K$5:$K$124,MATCH(AA42&"|"&AB42,'02_SCHEDULE'!$M$5:$M$124,0)),0) -> 12 | AF42: =IFERROR(INDEX('02_SCHEDULE'!$L$5:$L$124,MATCH(AA42&"|"&AB42,'02_SCHEDULE'!$M$5:$M$124,0)),0) -> 12 | AG42: =AD42*(AF42-AE42+1) -> 1
B43: =20 -> 20 | C43: ='01_INPUTS'!$C$7+(20-1)*7 -> 46384 | D43: =IF(INDEX('01_INPUTS'!$E$17:$E$31,MATCH(D$23,'01_INPUTS'!$B$17:$B$31,0))=0,IF(SUMIFS($AD$3:$AD$870,$AC$3:$AC$870,D$23,$AE$3:$AE$870,"<="&$B43,$AF$3:$AF$870,">="&$B43)=0,0,9.99),SUMIFS($AD$3:$AD$870,$AC$3:$AC$870,D$23,$AE$3:$AE$870,"<="&$B43,$AF$3:$AF$870,">="&$B43)/INDEX('01_INPUTS'!$E$17:$E$31,MATCH(D$23,'01_INPUTS'!$B$17:$B$31,0))) -> 0 | E43: =IF(INDEX('01_INPUTS'!$E$17:$E$31,MATCH(E$23,'01_INPUTS'!$B$17:$B$31,0))=0,IF(SUMIFS($AD$3:$AD$870,$AC$3:$AC$870,E$23,$AE$3:$AE$870,"<="&$B43,$AF$3:$AF$870,">="&$B43)=0,0,9.99),SUMIFS($AD$3:$AD$870,$AC$3:$AC$870,E$23,$AE$3:$AE$870,"<="&$B43,$AF$3:$AF$870,">="&$B43)/INDEX('01_INPUTS'!$E$17:$E$31,MATCH(E$23,'01_INPUTS'!$B$17:$B$31,0))) -> 0 | F43: =IF(INDEX('01_INPUTS'!$E$17:$E$31,MATCH(F$23,'01_INPUTS'!$B$17:$B$31,0))=0,IF(SUMIFS($AD$3:$AD$870,$AC$3:$AC$870,F$23,$AE$3:$AE$870,"<="&$B43,$AF$3:$AF$870,">="&$B43)=0,0,9.99),SUMIFS($AD$3:$AD$870,$AC$3:$AC$870,F$23,$AE$3:$AE$870,"<="&$B43,$AF$3:$AF$870,">="&$B43)/INDEX('01_INPUTS'!$E$17:$E$31,MATCH(F$23,'01_INPUTS'!$B$17:$B$31,0))) -> 0 | G43: =IF(INDEX('01_INPUTS'!$E$17:$E$31,MATCH(G$23,'01_INPUTS'!$B$17:$B$31,0))=0,IF(SUMIFS($AD$3:$AD$870,$AC$3:$AC$870,G$23,$AE$3:$AE$870,"<="&$B43,$AF$3:$AF$870,">="&$B43)=0,0,9.99),SUMIFS($AD$3:$AD$870,$AC$3:$AC$870,G$23,$AE$3:$AE$870,"<="&$B43,$AF$3:$AF$870,">="&$B43)/INDEX('01_INPUTS'!$E$17:$E$31,MATCH(G$23,'01_INPUTS'!$B$17:$B$31,0))) -> 0 | H43: =IF(INDEX('01_INPUTS'!$E$17:$E$31,MATCH(H$23,'01_INPUTS'!$B$17:$B$31,0))=0,IF(SUMIFS($AD$3:$AD$870,$AC$3:$AC$870,H$23,$AE$3:$AE$870,"<="&$B43,$AF$3:$AF$870,">="&$B43)=0,0,9.99),SUMIFS($AD$3:$AD$870,$AC$3:$AC$870,H$23,$AE$3:$AE$870,"<="&$B43,$AF$3:$AF$870,">="&$B43)/INDEX('01_INPUTS'!$E$17:$E$31,MATCH(H$23,'01_INPUTS'!$B$17:$B$31,0))) -> 0 | I43: =IF(INDEX('01_INPUTS'!$E$17:$E$31,MATCH(I$23,'01_INPUTS'!$B$17:$B$31,0))=0,IF(SUMIFS($AD$3:$AD$870,$AC$3:$AC$870,I$23,$AE$3:$AE$870,"<="&$B43,$AF$3:$AF$870,">="&$B43)=0,0,9.99),SUMIFS($AD$3:$AD$870,$AC$3:$AC$870,I$23,$AE$3:$AE$870,"<="&$B43,$AF$3:$AF$870,">="&$B43)/INDEX('01_INPUTS'!$E$17:$E$31,MATCH(I$23,'01_INPUTS'!$B$17:$B$31,0))) -> 1.5 | J43: =IF(INDEX('01_INPUTS'!$E$17:$E$31,MATCH(J$23,'01_INPUTS'!$B$17:$B$31,0))=0,IF(SUMIFS($AD$3:$AD$870,$AC$3:$AC$870,J$23,$AE$3:$AE$870,"<="&$B43,$AF$3:$AF$870,">="&$B43)=0,0,9.99),SUMIFS($AD$3:$AD$870,$AC$3:$AC$870,J$23,$AE$3:$AE$870,"<="&$B43,$AF$3:$AF$870,">="&$B43)/INDEX('01_INPUTS'!$E$17:$E$31,MATCH(J$23,'01_INPUTS'!$B$17:$B$31,0))) -> 0 | K43: =IF(INDEX('01_INPUTS'!$E$17:$E$31,MATCH(K$23,'01_INPUTS'!$B$17:$B$31,0))=0,IF(SUMIFS($AD$3:$AD$870,$AC$3:$AC$870,K$23,$AE$3:$AE$870,"<="&$B43,$AF$3:$AF$870,">="&$B43)=0,0,9.99),SUMIFS($AD$3:$AD$870,$AC$3:$AC$870,K$23,$AE$3:$AE$870,"<="&$B43,$AF$3:$AF$870,">="&$B43)/INDEX('01_INPUTS'!$E$17:$E$31,MATCH(K$23,'01_INPUTS'!$B$17:$B$31,0))) -> 1.5 | ... R43: =IF(INDEX('01_INPUTS'!$E$17:$E$31,MATCH(R$23,'01_INPUTS'!$B$17:$B$31,0))=0,IF(SUMIFS($AD$3:$AD$870,$AC$3:$AC$870,R$23,$AE$3:$AE$870,"<="&$B43,$AF$3:$AF$870,">="&$B43)=0,0,9.99),SUMIFS($AD$3:$AD$870,$AC$3:$AC$870,R$23,$AE$3:$AE$870,"<="&$B43,$AF$3:$AF$870,">="&$B43)/INDEX('01_INPUTS'!$E$17:$E$31,MATCH(R$23,'01_INPUTS'!$B$17:$B$31,0))) -> 0 | S43: =SUMIFS($AD$3:$AD$870,$AE$3:$AE$870,"<="&B43,$AF$3:$AF$870,">="&B43) -> 4.5 | T43: =SUM('01_INPUTS'!$E$17:$E$31) -> 20 | U43: =IFERROR(S43/T43,0) -> 0.225 | V43: =COUNTIF(D43:R43,">1") -> 2 | W43: =IF(MAX(D43:R43)>1,"ROJO",IF(MAX(D43:R43)>0.8,"AMARILLO","VERDE")) -> ROJO | AA43: ='Sites Master'!$B$2 -> Site 01 | AB43: ='Phase-Resource Allocation'!$B$104 -> Go Live | AC43: ='Phase-Resource Allocation'!$C$104 -> Change Management Lead | AD43: ='Phase-Resource Allocation'!$D$104 -> 1 | AE43: =IFERROR(INDEX('02_SCHEDULE'!$K$5:$K$124,MATCH(AA43&"|"&AB43,'02_SCHEDULE'!$M$5:$M$124,0)),0) -> 12 | AF43: =IFERROR(INDEX('02_SCHEDULE'!$L$5:$L$124,MATCH(AA43&"|"&AB43,'02_SCHEDULE'!$M$5:$M$124,0)),0) -> 12 | AG43: =AD43*(AF43-AE43+1) -> 1
B44: =21 -> 21 | C44: ='01_INPUTS'!$C$7+(21-1)*7 -> 46391 | D44: =IF(INDEX('01_INPUTS'!$E$17:$E$31,MATCH(D$23,'01_INPUTS'!$B$17:$B$31,0))=0,IF(SUMIFS($AD$3:$AD$870,$AC$3:$AC$870,D$23,$AE$3:$AE$870,"<="&$B44,$AF$3:$AF$870,">="&$B44)=0,0,9.99),SUMIFS($AD$3:$AD$870,$AC$3:$AC$870,D$23,$AE$3:$AE$870,"<="&$B44,$AF$3:$AF$870,">="&$B44)/INDEX('01_INPUTS'!$E$17:$E$31,MATCH(D$23,'01_INPUTS'!$B$17:$B$31,0))) -> 2 | E44: =IF(INDEX('01_INPUTS'!$E$17:$E$31,MATCH(E$23,'01_INPUTS'!$B$17:$B$31,0))=0,IF(SUMIFS($AD$3:$AD$870,$AC$3:$AC$870,E$23,$AE$3:$AE$870,"<="&$B44,$AF$3:$AF$870,">="&$B44)=0,0,9.99),SUMIFS($AD$3:$AD$870,$AC$3:$AC$870,E$23,$AE$3:$AE$870,"<="&$B44,$AF$3:$AF$870,">="&$B44)/INDEX('01_INPUTS'!$E$17:$E$31,MATCH(E$23,'01_INPUTS'!$B$17:$B$31,0))) -> 0 | F44: =IF(INDEX('01_INPUTS'!$E$17:$E$31,MATCH(F$23,'01_INPUTS'!$B$17:$B$31,0))=0,IF(SUMIFS($AD$3:$AD$870,$AC$3:$AC$870,F$23,$AE$3:$AE$870,"<="&$B44,$AF$3:$AF$870,">="&$B44)=0,0,9.99),SUMIFS($AD$3:$AD$870,$AC$3:$AC$870,F$23,$AE$3:$AE$870,"<="&$B44,$AF$3:$AF$870,">="&$B44)/INDEX('01_INPUTS'!$E$17:$E$31,MATCH(F$23,'01_INPUTS'!$B$17:$B$31,0))) -> 0 | G44: =IF(INDEX('01_INPUTS'!$E$17:$E$31,MATCH(G$23,'01_INPUTS'!$B$17:$B$31,0))=0,IF(SUMIFS($AD$3:$AD$870,$AC$3:$AC$870,G$23,$AE$3:$AE$870,"<="&$B44,$AF$3:$AF$870,">="&$B44)=0,0,9.99),SUMIFS($AD$3:$AD$870,$AC$3:$AC$870,G$23,$AE$3:$AE$870,"<="&$B44,$AF$3:$AF$870,">="&$B44)/INDEX('01_INPUTS'!$E$17:$E$31,MATCH(G$23,'01_INPUTS'!$B$17:$B$31,0))) -> 0 | H44: =IF(INDEX('01_INPUTS'!$E$17:$E$31,MATCH(H$23,'01_INPUTS'!$B$17:$B$31,0))=0,IF(SUMIFS($AD$3:$AD$870,$AC$3:$AC$870,H$23,$AE$3:$AE$870,"<="&$B44,$AF$3:$AF$870,">="&$B44)=0,0,9.99),SUMIFS($AD$3:$AD$870,$AC$3:$AC$870,H$23,$AE$3:$AE$870,"<="&$B44,$AF$3:$AF$870,">="&$B44)/INDEX('01_INPUTS'!$E$17:$E$31,MATCH(H$23,'01_INPUTS'!$B$17:$B$31,0))) -> 0 | I44: =IF(INDEX('01_INPUTS'!$E$17:$E$31,MATCH(I$23,'01_INPUTS'!$B$17:$B$31,0))=0,IF(SUMIFS($AD$3:$AD$870,$AC$3:$AC$870,I$23,$AE$3:$AE$870,"<="&$B44,$AF$3:$AF$870,">="&$B44)=0,0,9.99),SUMIFS($AD$3:$AD$870,$AC$3:$AC$870,I$23,$AE$3:$AE$870,"<="&$B44,$AF$3:$AF$870,">="&$B44)/INDEX('01_INPUTS'!$E$17:$E$31,MATCH(I$23,'01_INPUTS'!$B$17:$B$31,0))) -> 1.5 | J44: =IF(INDEX('01_INPUTS'!$E$17:$E$31,MATCH(J$23,'01_INPUTS'!$B$17:$B$31,0))=0,IF(SUMIFS($AD$3:$AD$870,$AC$3:$AC$870,J$23,$AE$3:$AE$870,"<="&$B44,$AF$3:$AF$870,">="&$B44)=0,0,9.99),SUMIFS($AD$3:$AD$870,$AC$3:$AC$870,J$23,$AE$3:$AE$870,"<="&$B44,$AF$3:$AF$870,">="&$B44)/INDEX('01_INPUTS'!$E$17:$E$31,MATCH(J$23,'01_INPUTS'!$B$17:$B$31,0))) -> 1 | K44: =IF(INDEX('01_INPUTS'!$E$17:$E$31,MATCH(K$23,'01_INPUTS'!$B$17:$B$31,0))=0,IF(SUMIFS($AD$3:$AD$870,$AC$3:$AC$870,K$23,$AE$3:$AE$870,"<="&$B44,$AF$3:$AF$870,">="&$B44)=0,0,9.99),SUMIFS($AD$3:$AD$870,$AC$3:$AC$870,K$23,$AE$3:$AE$870,"<="&$B44,$AF$3:$AF$870,">="&$B44)/INDEX('01_INPUTS'!$E$17:$E$31,MATCH(K$23,'01_INPUTS'!$B$17:$B$31,0))) -> 1.5 | ... R44: =IF(INDEX('01_INPUTS'!$E$17:$E$31,MATCH(R$23,'01_INPUTS'!$B$17:$B$31,0))=0,IF(SUMIFS($AD$3:$AD$870,$AC$3:$AC$870,R$23,$AE$3:$AE$870,"<="&$B44,$AF$3:$AF$870,">="&$B44)=0,0,9.99),SUMIFS($AD$3:$AD$870,$AC$3:$AC$870,R$23,$AE$3:$AE$870,"<="&$B44,$AF$3:$AF$870,">="&$B44)/INDEX('01_INPUTS'!$E$17:$E$31,MATCH(R$23,'01_INPUTS'!$B$17:$B$31,0))) -> 0 | S44: =SUMIFS($AD$3:$AD$870,$AE$3:$AE$870,"<="&B44,$AF$3:$AF$870,">="&B44) -> 17.5 | T44: =SUM('01_INPUTS'!$E$17:$E$31) -> 20 | U44: =IFERROR(S44/T44,0) -> 0.875 | V44: =COUNTIF(D44:R44,">1") -> 5 | W44: =IF(MAX(D44:R44)>1,"ROJO",IF(MAX(D44:R44)>0.8,"AMARILLO","VERDE")) -> ROJO | AA44: ='Sites Master'!$B$2 -> Site 01 | AB44: ='Phase-Resource Allocation'!$B$105 -> Go Live | AC44: ='Phase-Resource Allocation'!$C$105 -> SAP Integrations Lead | AD44: ='Phase-Resource Allocation'!$D$105 -> 1 | AE44: =IFERROR(INDEX('02_SCHEDULE'!$K$5:$K$124,MATCH(AA44&"|"&AB44,'02_SCHEDULE'!$M$5:$M$124,0)),0) -> 12 | AF44: =IFERROR(INDEX('02_SCHEDULE'!$L$5:$L$124,MATCH(AA44&"|"&AB44,'02_SCHEDULE'!$M$5:$M$124,0)),0) -> 12 | AG44: =AD44*(AF44-AE44+1) -> 1
B45: =22 -> 22 | C45: ='01_INPUTS'!$C$7+(22-1)*7 -> 46398 | D45: =IF(INDEX('01_INPUTS'!$E$17:$E$31,MATCH(D$23,'01_INPUTS'!$B$17:$B$31,0))=0,IF(SUMIFS($AD$3:$AD$870,$AC$3:$AC$870,D$23,$AE$3:$AE$870,"<="&$B45,$AF$3:$AF$870,">="&$B45)=0,0,9.99),SUMIFS($AD$3:$AD$870,$AC$3:$AC$870,D$23,$AE$3:$AE$870,"<="&$B45,$AF$3:$AF$870,">="&$B45)/INDEX('01_INPUTS'!$E$17:$E$31,MATCH(D$23,'01_INPUTS'!$B$17:$B$31,0))) -> 2 | E45: =IF(INDEX('01_INPUTS'!$E$17:$E$31,MATCH(E$23,'01_INPUTS'!$B$17:$B$31,0))=0,IF(SUMIFS($AD$3:$AD$870,$AC$3:$AC$870,E$23,$AE$3:$AE$870,"<="&$B45,$AF$3:$AF$870,">="&$B45)=0,0,9.99),SUMIFS($AD$3:$AD$870,$AC$3:$AC$870,E$23,$AE$3:$AE$870,"<="&$B45,$AF$3:$AF$870,">="&$B45)/INDEX('01_INPUTS'!$E$17:$E$31,MATCH(E$23,'01_INPUTS'!$B$17:$B$31,0))) -> 0 | F45: =IF(INDEX('01_INPUTS'!$E$17:$E$31,MATCH(F$23,'01_INPUTS'!$B$17:$B$31,0))=0,IF(SUMIFS($AD$3:$AD$870,$AC$3:$AC$870,F$23,$AE$3:$AE$870,"<="&$B45,$AF$3:$AF$870,">="&$B45)=0,0,9.99),SUMIFS($AD$3:$AD$870,$AC$3:$AC$870,F$23,$AE$3:$AE$870,"<="&$B45,$AF$3:$AF$870,">="&$B45)/INDEX('01_INPUTS'!$E$17:$E$31,MATCH(F$23,'01_INPUTS'!$B$17:$B$31,0))) -> 0 | G45: =IF(INDEX('01_INPUTS'!$E$17:$E$31,MATCH(G$23,'01_INPUTS'!$B$17:$B$31,0))=0,IF(SUMIFS($AD$3:$AD$870,$AC$3:$AC$870,G$23,$AE$3:$AE$870,"<="&$B45,$AF$3:$AF$870,">="&$B45)=0,0,9.99),SUMIFS($AD$3:$AD$870,$AC$3:$AC$870,G$23,$AE$3:$AE$870,"<="&$B45,$AF$3:$AF$870,">="&$B45)/INDEX('01_INPUTS'!$E$17:$E$31,MATCH(G$23,'01_INPUTS'!$B$17:$B$31,0))) -> 0 | H45: =IF(INDEX('01_INPUTS'!$E$17:$E$31,MATCH(H$23,'01_INPUTS'!$B$17:$B$31,0))=0,IF(SUMIFS($AD$3:$AD$870,$AC$3:$AC$870,H$23,$AE$3:$AE$870,"<="&$B45,$AF$3:$AF$870,">="&$B45)=0,0,9.99),SUMIFS($AD$3:$AD$870,$AC$3:$AC$870,H$23,$AE$3:$AE$870,"<="&$B45,$AF$3:$AF$870,">="&$B45)/INDEX('01_INPUTS'!$E$17:$E$31,MATCH(H$23,'01_INPUTS'!$B$17:$B$31,0))) -> 1 | I45: =IF(INDEX('01_INPUTS'!$E$17:$E$31,MATCH(I$23,'01_INPUTS'!$B$17:$B$31,0))=0,IF(SUMIFS($AD$3:$AD$870,$AC$3:$AC$870,I$23,$AE$3:$AE$870,"<="&$B45,$AF$3:$AF$870,">="&$B45)=0,0,9.99),SUMIFS($AD$3:$AD$870,$AC$3:$AC$870,I$23,$AE$3:$AE$870,"<="&$B45,$AF$3:$AF$870,">="&$B45)/INDEX('01_INPUTS'!$E$17:$E$31,MATCH(I$23,'01_INPUTS'!$B$17:$B$31,0))) -> 0.5 | J45: =IF(INDEX('01_INPUTS'!$E$17:$E$31,MATCH(J$23,'01_INPUTS'!$B$17:$B$31,0))=0,IF(SUMIFS($AD$3:$AD$870,$AC$3:$AC$870,J$23,$AE$3:$AE$870,"<="&$B45,$AF$3:$AF$870,">="&$B45)=0,0,9.99),SUMIFS($AD$3:$AD$870,$AC$3:$AC$870,J$23,$AE$3:$AE$870,"<="&$B45,$AF$3:$AF$870,">="&$B45)/INDEX('01_INPUTS'!$E$17:$E$31,MATCH(J$23,'01_INPUTS'!$B$17:$B$31,0))) -> 1.5 | K45: =IF(INDEX('01_INPUTS'!$E$17:$E$31,MATCH(K$23,'01_INPUTS'!$B$17:$B$31,0))=0,IF(SUMIFS($AD$3:$AD$870,$AC$3:$AC$870,K$23,$AE$3:$AE$870,"<="&$B45,$AF$3:$AF$870,">="&$B45)=0,0,9.99),SUMIFS($AD$3:$AD$870,$AC$3:$AC$870,K$23,$AE$3:$AE$870,"<="&$B45,$AF$3:$AF$870,">="&$B45)/INDEX('01_INPUTS'!$E$17:$E$31,MATCH(K$23,'01_INPUTS'!$B$17:$B$31,0))) -> 1.5 | ... R45: =IF(INDEX('01_INPUTS'!$E$17:$E$31,MATCH(R$23,'01_INPUTS'!$B$17:$B$31,0))=0,IF(SUMIFS($AD$3:$AD$870,$AC$3:$AC$870,R$23,$AE$3:$AE$870,"<="&$B45,$AF$3:$AF$870,">="&$B45)=0,0,9.99),SUMIFS($AD$3:$AD$870,$AC$3:$AC$870,R$23,$AE$3:$AE$870,"<="&$B45,$AF$3:$AF$870,">="&$B45)/INDEX('01_INPUTS'!$E$17:$E$31,MATCH(R$23,'01_INPUTS'!$B$17:$B$31,0))) -> 0 | S45: =SUMIFS($AD$3:$AD$870,$AE$3:$AE$870,"<="&B45,$AF$3:$AF$870,">="&B45) -> 20 | T45: =SUM('01_INPUTS'!$E$17:$E$31) -> 20 | U45: =IFERROR(S45/T45,0) -> 1 | V45: =COUNTIF(D45:R45,">1") -> 8 | W45: =IF(MAX(D45:R45)>1,"ROJO",IF(MAX(D45:R45)>0.8,"AMARILLO","VERDE")) -> ROJO | AA45: ='Sites Master'!$B$2 -> Site 01 | AB45: ='Phase-Resource Allocation'!$B$106 -> Go Live | AC45: ='Phase-Resource Allocation'!$C$106 -> SAP Integrations Specialist | AD45: ='Phase-Resource Allocation'!$D$106 -> 1 | AE45: =IFERROR(INDEX('02_SCHEDULE'!$K$5:$K$124,MATCH(AA45&"|"&AB45,'02_SCHEDULE'!$M$5:$M$124,0)),0) -> 12 | AF45: =IFERROR(INDEX('02_SCHEDULE'!$L$5:$L$124,MATCH(AA45&"|"&AB45,'02_SCHEDULE'!$M$5:$M$124,0)),0) -> 12 | AG45: =AD45*(AF45-AE45+1) -> 1
B46: =23 -> 23 | C46: ='01_INPUTS'!$C$7+(23-1)*7 -> 46405 | D46: =IF(INDEX('01_INPUTS'!$E$17:$E$31,MATCH(D$23,'01_INPUTS'!$B$17:$B$31,0))=0,IF(SUMIFS($AD$3:$AD$870,$AC$3:$AC$870,D$23,$AE$3:$AE$870,"<="&$B46,$AF$3:$AF$870,">="&$B46)=0,0,9.99),SUMIFS($AD$3:$AD$870,$AC$3:$AC$870,D$23,$AE$3:$AE$870,"<="&$B46,$AF$3:$AF$870,">="&$B46)/INDEX('01_INPUTS'!$E$17:$E$31,MATCH(D$23,'01_INPUTS'!$B$17:$B$31,0))) -> 2 | E46: =IF(INDEX('01_INPUTS'!$E$17:$E$31,MATCH(E$23,'01_INPUTS'!$B$17:$B$31,0))=0,IF(SUMIFS($AD$3:$AD$870,$AC$3:$AC$870,E$23,$AE$3:$AE$870,"<="&$B46,$AF$3:$AF$870,">="&$B46)=0,0,9.99),SUMIFS($AD$3:$AD$870,$AC$3:$AC$870,E$23,$AE$3:$AE$870,"<="&$B46,$AF$3:$AF$870,">="&$B46)/INDEX('01_INPUTS'!$E$17:$E$31,MATCH(E$23,'01_INPUTS'!$B$17:$B$31,0))) -> 0 | F46: =IF(INDEX('01_INPUTS'!$E$17:$E$31,MATCH(F$23,'01_INPUTS'!$B$17:$B$31,0))=0,IF(SUMIFS($AD$3:$AD$870,$AC$3:$AC$870,F$23,$AE$3:$AE$870,"<="&$B46,$AF$3:$AF$870,">="&$B46)=0,0,9.99),SUMIFS($AD$3:$AD$870,$AC$3:$AC$870,F$23,$AE$3:$AE$870,"<="&$B46,$AF$3:$AF$870,">="&$B46)/INDEX('01_INPUTS'!$E$17:$E$31,MATCH(F$23,'01_INPUTS'!$B$17:$B$31,0))) -> 0 | G46: =IF(INDEX('01_INPUTS'!$E$17:$E$31,MATCH(G$23,'01_INPUTS'!$B$17:$B$31,0))=0,IF(SUMIFS($AD$3:$AD$870,$AC$3:$AC$870,G$23,$AE$3:$AE$870,"<="&$B46,$AF$3:$AF$870,">="&$B46)=0,0,9.99),SUMIFS($AD$3:$AD$870,$AC$3:$AC$870,G$23,$AE$3:$AE$870,"<="&$B46,$AF$3:$AF$870,">="&$B46)/INDEX('01_INPUTS'!$E$17:$E$31,MATCH(G$23,'01_INPUTS'!$B$17:$B$31,0))) -> 0 | H46: =IF(INDEX('01_INPUTS'!$E$17:$E$31,MATCH(H$23,'01_INPUTS'!$B$17:$B$31,0))=0,IF(SUMIFS($AD$3:$AD$870,$AC$3:$AC$870,H$23,$AE$3:$AE$870,"<="&$B46,$AF$3:$AF$870,">="&$B46)=0,0,9.99),SUMIFS($AD$3:$AD$870,$AC$3:$AC$870,H$23,$AE$3:$AE$870,"<="&$B46,$AF$3:$AF$870,">="&$B46)/INDEX('01_INPUTS'!$E$17:$E$31,MATCH(H$23,'01_INPUTS'!$B$17:$B$31,0))) -> 1 | I46: =IF(INDEX('01_INPUTS'!$E$17:$E$31,MATCH(I$23,'01_INPUTS'!$B$17:$B$31,0))=0,IF(SUMIFS($AD$3:$AD$870,$AC$3:$AC$870,I$23,$AE$3:$AE$870,"<="&$B46,$AF$3:$AF$870,">="&$B46)=0,0,9.99),SUMIFS($AD$3:$AD$870,$AC$3:$AC$870,I$23,$AE$3:$AE$870,"<="&$B46,$AF$3:$AF$870,">="&$B46)/INDEX('01_INPUTS'!$E$17:$E$31,MATCH(I$23,'01_INPUTS'!$B$17:$B$31,0))) -> 0.5 | J46: =IF(INDEX('01_INPUTS'!$E$17:$E$31,MATCH(J$23,'01_INPUTS'!$B$17:$B$31,0))=0,IF(SUMIFS($AD$3:$AD$870,$AC$3:$AC$870,J$23,$AE$3:$AE$870,"<="&$B46,$AF$3:$AF$870,">="&$B46)=0,0,9.99),SUMIFS($AD$3:$AD$870,$AC$3:$AC$870,J$23,$AE$3:$AE$870,"<="&$B46,$AF$3:$AF$870,">="&$B46)/INDEX('01_INPUTS'!$E$17:$E$31,MATCH(J$23,'01_INPUTS'!$B$17:$B$31,0))) -> 1.5 | K46: =IF(INDEX('01_INPUTS'!$E$17:$E$31,MATCH(K$23,'01_INPUTS'!$B$17:$B$31,0))=0,IF(SUMIFS($AD$3:$AD$870,$AC$3:$AC$870,K$23,$AE$3:$AE$870,"<="&$B46,$AF$3:$AF$870,">="&$B46)=0,0,9.99),SUMIFS($AD$3:$AD$870,$AC$3:$AC$870,K$23,$AE$3:$AE$870,"<="&$B46,$AF$3:$AF$870,">="&$B46)/INDEX('01_INPUTS'!$E$17:$E$31,MATCH(K$23,'01_INPUTS'!$B$17:$B$31,0))) -> 1.5 | ... R46: =IF(INDEX('01_INPUTS'!$E$17:$E$31,MATCH(R$23,'01_INPUTS'!$B$17:$B$31,0))=0,IF(SUMIFS($AD$3:$AD$870,$AC$3:$AC$870,R$23,$AE$3:$AE$870,"<="&$B46,$AF$3:$AF$870,">="&$B46)=0,0,9.99),SUMIFS($AD$3:$AD$870,$AC$3:$AC$870,R$23,$AE$3:$AE$870,"<="&$B46,$AF$3:$AF$870,">="&$B46)/INDEX('01_INPUTS'!$E$17:$E$31,MATCH(R$23,'01_INPUTS'!$B$17:$B$31,0))) -> 0 | S46: =SUMIFS($AD$3:$AD$870,$AE$3:$AE$870,"<="&B46,$AF$3:$AF$870,">="&B46) -> 20 | T46: =SUM('01_INPUTS'!$E$17:$E$31) -> 20 | U46: =IFERROR(S46/T46,0) -> 1 | V46: =COUNTIF(D46:R46,">1") -> 8 | W46: =IF(MAX(D46:R46)>1,"ROJO",IF(MAX(D46:R46)>0.8,"AMARILLO","VERDE")) -> ROJO | AA46: ='Sites Master'!$B$2 -> Site 01 | AB46: ='Phase-Resource Allocation'!$B$107 -> Go Live | AC46: ='Phase-Resource Allocation'!$C$107 -> Azure Lead | AD46: ='Phase-Resource Allocation'!$D$107 -> 1 | AE46: =IFERROR(INDEX('02_SCHEDULE'!$K$5:$K$124,MATCH(AA46&"|"&AB46,'02_SCHEDULE'!$M$5:$M$124,0)),0) -> 12 | AF46: =IFERROR(INDEX('02_SCHEDULE'!$L$5:$L$124,MATCH(AA46&"|"&AB46,'02_SCHEDULE'!$M$5:$M$124,0)),0) -> 12 | AG46: =AD46*(AF46-AE46+1) -> 1
B47: =24 -> 24 | C47: ='01_INPUTS'!$C$7+(24-1)*7 -> 46412 | D47: =IF(INDEX('01_INPUTS'!$E$17:$E$31,MATCH(D$23,'01_INPUTS'!$B$17:$B$31,0))=0,IF(SUMIFS($AD$3:$AD$870,$AC$3:$AC$870,D$23,$AE$3:$AE$870,"<="&$B47,$AF$3:$AF$870,">="&$B47)=0,0,9.99),SUMIFS($AD$3:$AD$870,$AC$3:$AC$870,D$23,$AE$3:$AE$870,"<="&$B47,$AF$3:$AF$870,">="&$B47)/INDEX('01_INPUTS'!$E$17:$E$31,MATCH(D$23,'01_INPUTS'!$B$17:$B$31,0))) -> 1 | E47: =IF(INDEX('01_INPUTS'!$E$17:$E$31,MATCH(E$23,'01_INPUTS'!$B$17:$B$31,0))=0,IF(SUMIFS($AD$3:$AD$870,$AC$3:$AC$870,E$23,$AE$3:$AE$870,"<="&$B47,$AF$3:$AF$870,">="&$B47)=0,0,9.99),SUMIFS($AD$3:$AD$870,$AC$3:$AC$870,E$23,$AE$3:$AE$870,"<="&$B47,$AF$3:$AF$870,">="&$B47)/INDEX('01_INPUTS'!$E$17:$E$31,MATCH(E$23,'01_INPUTS'!$B$17:$B$31,0))) -> 0 | F47: =IF(INDEX('01_INPUTS'!$E$17:$E$31,MATCH(F$23,'01_INPUTS'!$B$17:$B$31,0))=0,IF(SUMIFS($AD$3:$AD$870,$AC$3:$AC$870,F$23,$AE$3:$AE$870,"<="&$B47,$AF$3:$AF$870,">="&$B47)=0,0,9.99),SUMIFS($AD$3:$AD$870,$AC$3:$AC$870,F$23,$AE$3:$AE$870,"<="&$B47,$AF$3:$AF$870,">="&$B47)/INDEX('01_INPUTS'!$E$17:$E$31,MATCH(F$23,'01_INPUTS'!$B$17:$B$31,0))) -> 0 | G47: =IF(INDEX('01_INPUTS'!$E$17:$E$31,MATCH(G$23,'01_INPUTS'!$B$17:$B$31,0))=0,IF(SUMIFS($AD$3:$AD$870,$AC$3:$AC$870,G$23,$AE$3:$AE$870,"<="&$B47,$AF$3:$AF$870,">="&$B47)=0,0,9.99),SUMIFS($AD$3:$AD$870,$AC$3:$AC$870,G$23,$AE$3:$AE$870,"<="&$B47,$AF$3:$AF$870,">="&$B47)/INDEX('01_INPUTS'!$E$17:$E$31,MATCH(G$23,'01_INPUTS'!$B$17:$B$31,0))) -> 0 | H47: =IF(INDEX('01_INPUTS'!$E$17:$E$31,MATCH(H$23,'01_INPUTS'!$B$17:$B$31,0))=0,IF(SUMIFS($AD$3:$AD$870,$AC$3:$AC$870,H$23,$AE$3:$AE$870,"<="&$B47,$AF$3:$AF$870,">="&$B47)=0,0,9.99),SUMIFS($AD$3:$AD$870,$AC$3:$AC$870,H$23,$AE$3:$AE$870,"<="&$B47,$AF$3:$AF$870,">="&$B47)/INDEX('01_INPUTS'!$E$17:$E$31,MATCH(H$23,'01_INPUTS'!$B$17:$B$31,0))) -> 1.5 | I47: =IF(INDEX('01_INPUTS'!$E$17:$E$31,MATCH(I$23,'01_INPUTS'!$B$17:$B$31,0))=0,IF(SUMIFS($AD$3:$AD$870,$AC$3:$AC$870,I$23,$AE$3:$AE$870,"<="&$B47,$AF$3:$AF$870,">="&$B47)=0,0,9.99),SUMIFS($AD$3:$AD$870,$AC$3:$AC$870,I$23,$AE$3:$AE$870,"<="&$B47,$AF$3:$AF$870,">="&$B47)/INDEX('01_INPUTS'!$E$17:$E$31,MATCH(I$23,'01_INPUTS'!$B$17:$B$31,0))) -> 0 | J47: =IF(INDEX('01_INPUTS'!$E$17:$E$31,MATCH(J$23,'01_INPUTS'!$B$17:$B$31,0))=0,IF(SUMIFS($AD$3:$AD$870,$AC$3:$AC$870,J$23,$AE$3:$AE$870,"<="&$B47,$AF$3:$AF$870,">="&$B47)=0,0,9.99),SUMIFS($AD$3:$AD$870,$AC$3:$AC$870,J$23,$AE$3:$AE$870,"<="&$B47,$AF$3:$AF$870,">="&$B47)/INDEX('01_INPUTS'!$E$17:$E$31,MATCH(J$23,'01_INPUTS'!$B$17:$B$31,0))) -> 1 | K47: =IF(INDEX('01_INPUTS'!$E$17:$E$31,MATCH(K$23,'01_INPUTS'!$B$17:$B$31,0))=0,IF(SUMIFS($AD$3:$AD$870,$AC$3:$AC$870,K$23,$AE$3:$AE$870,"<="&$B47,$AF$3:$AF$870,">="&$B47)=0,0,9.99),SUMIFS($AD$3:$AD$870,$AC$3:$AC$870,K$23,$AE$3:$AE$870,"<="&$B47,$AF$3:$AF$870,">="&$B47)/INDEX('01_INPUTS'!$E$17:$E$31,MATCH(K$23,'01_INPUTS'!$B$17:$B$31,0))) -> 1 | ... R47: =IF(INDEX('01_INPUTS'!$E$17:$E$31,MATCH(R$23,'01_INPUTS'!$B$17:$B$31,0))=0,IF(SUMIFS($AD$3:$AD$870,$AC$3:$AC$870,R$23,$AE$3:$AE$870,"<="&$B47,$AF$3:$AF$870,">="&$B47)=0,0,9.99),SUMIFS($AD$3:$AD$870,$AC$3:$AC$870,R$23,$AE$3:$AE$870,"<="&$B47,$AF$3:$AF$870,">="&$B47)/INDEX('01_INPUTS'!$E$17:$E$31,MATCH(R$23,'01_INPUTS'!$B$17:$B$31,0))) -> 0 | S47: =SUMIFS($AD$3:$AD$870,$AE$3:$AE$870,"<="&B47,$AF$3:$AF$870,">="&B47) -> 14 | T47: =SUM('01_INPUTS'!$E$17:$E$31) -> 20 | U47: =IFERROR(S47/T47,0) -> 0.7 | V47: =COUNTIF(D47:R47,">1") -> 2 | W47: =IF(MAX(D47:R47)>1,"ROJO",IF(MAX(D47:R47)>0.8,"AMARILLO","VERDE")) -> ROJO | AA47: ='Sites Master'!$B$2 -> Site 01 | AB47: ='Phase-Resource Allocation'!$B$108 -> Go Live | AC47: ='Phase-Resource Allocation'!$C$108 -> Azure Specialist | AD47: ='Phase-Resource Allocation'!$D$108 -> 1 | AE47: =IFERROR(INDEX('02_SCHEDULE'!$K$5:$K$124,MATCH(AA47&"|"&AB47,'02_SCHEDULE'!$M$5:$M$124,0)),0) -> 12 | AF47: =IFERROR(INDEX('02_SCHEDULE'!$L$5:$L$124,MATCH(AA47&"|"&AB47,'02_SCHEDULE'!$M$5:$M$124,0)),0) -> 12 | AG47: =AD47*(AF47-AE47+1) -> 1
